frame_id,handedness,finger,depth_mm
7,Left,thumb,242.0
7,Left,index,252.0
7,Left,middle,252.0
7,Left,ring,241.0
7,Left,pinky,234.0
8,Left,thumb,238.0
8,Left,index,261.0
8,Left,middle,267.0
8,Left,ring,256.0
8,Left,pinky,237.0
8,Right,thumb,208.0
8,Right,index,236.0
8,Right,middle,239.0
8,Right,ring,241.0
8,Right,pinky,254.0
9,Right,thumb,216.0
9,Right,index,244.0
9,Right,middle,245.0
9,Right,ring,257.0
9,Right,pinky,251.0
9,Left,thumb,219.0
9,Left,index,246.0
9,Left,middle,259.0
9,Left,ring,267.0
9,Left,pinky,257.0
10,Right,thumb,219.0
10,Right,index,240.0
10,Right,middle,245.0
10,Right,ring,260.0
10,Right,pinky,255.0
10,Left,thumb,229.0
10,Left,index,263.0
10,Left,middle,266.0
10,Left,ring,266.0
10,Left,pinky,249.0
11,Left,thumb,225.0
11,Left,index,247.0
11,Left,middle,249.0
11,Left,ring,263.0
11,Left,pinky,247.0
11,Right,thumb,214.0
11,Right,index,235.0
11,Right,middle,244.0
11,Right,ring,261.0
11,Right,pinky,249.0
12,Right,thumb,217.0
12,Right,index,237.0
12,Right,middle,250.0
12,Right,ring,247.0
12,Right,pinky,240.0
12,Left,thumb,223.0
12,Left,index,239.0
12,Left,middle,260.0
12,Left,ring,255.0
12,Left,pinky,247.0
13,Left,thumb,231.0
13,Left,index,261.0
13,Left,middle,271.0
13,Left,ring,266.0
13,Left,pinky,253.0
13,Right,thumb,220.0
13,Right,index,240.0
13,Right,middle,246.0
13,Right,ring,246.0
13,Right,pinky,247.0
14,Left,thumb,231.0
14,Left,index,264.0
14,Left,middle,262.0
14,Left,ring,257.0
14,Left,pinky,239.0
14,Right,thumb,220.0
14,Right,index,244.0
14,Right,middle,247.0
14,Right,ring,248.0
14,Right,pinky,240.0
15,Left,thumb,229.0
15,Left,index,249.0
15,Left,middle,264.0
15,Left,ring,268.0
15,Left,pinky,259.0
15,Right,thumb,218.0
15,Right,index,247.0
15,Right,middle,248.0
15,Right,ring,242.0
15,Right,pinky,238.0
16,Right,thumb,219.0
16,Right,index,236.0
16,Right,middle,246.0
16,Right,ring,245.0
16,Right,pinky,245.0
16,Left,thumb,229.0
16,Left,index,263.0
16,Left,middle,264.0
16,Left,ring,258.0
16,Left,pinky,245.0
17,Right,thumb,212.0
17,Right,index,238.0
17,Right,middle,241.0
17,Right,ring,242.0
17,Right,pinky,242.0
17,Left,thumb,218.0
17,Left,index,234.0
17,Left,middle,256.0
17,Left,ring,255.0
17,Left,pinky,241.0
18,Right,thumb,216.0
18,Right,index,242.0
18,Right,middle,237.0
18,Right,ring,234.0
18,Right,pinky,243.0
18,Left,thumb,225.0
18,Left,index,239.0
18,Left,middle,240.0
18,Left,ring,251.0
18,Left,pinky,244.0
19,Right,thumb,217.0
19,Right,index,244.0
19,Right,middle,245.0
19,Right,ring,250.0
19,Right,pinky,251.0
19,Left,thumb,227.0
19,Left,index,260.0
19,Left,middle,268.0
19,Left,ring,273.0
19,Left,pinky,252.0
20,Left,thumb,228.0
20,Left,index,253.0
20,Left,middle,241.0
20,Left,ring,244.0
20,Left,pinky,239.0
21,Right,thumb,217.0
21,Right,index,246.0
21,Right,middle,246.0
21,Right,ring,245.0
21,Right,pinky,248.0
21,Left,thumb,229.0
21,Left,index,258.0
21,Left,middle,251.0
21,Left,ring,252.0
21,Left,pinky,246.0
22,Right,thumb,228.0
22,Right,index,237.0
22,Right,middle,244.0
22,Right,ring,239.0
22,Right,pinky,236.0
22,Left,thumb,235.0
22,Left,index,255.0
22,Left,middle,252.0
22,Left,ring,255.0
22,Left,pinky,265.0
23,Right,thumb,210.0
23,Right,index,234.0
23,Right,middle,241.0
23,Right,ring,243.0
23,Right,pinky,236.0
23,Left,thumb,240.0
23,Left,index,248.0
23,Left,middle,255.0
23,Left,ring,246.0
23,Left,pinky,236.0
23,Right,thumb,292.0
23,Right,index,255.0
23,Right,middle,248.0
23,Right,ring,248.0
23,Right,pinky,236.0
24,Right,thumb,224.0
24,Right,index,254.0
24,Right,middle,247.0
24,Right,ring,246.0
24,Right,pinky,242.0
24,Left,thumb,247.0
24,Left,index,255.0
24,Left,middle,265.0
24,Left,ring,249.0
24,Left,pinky,256.0
25,Left,thumb,243.0
25,Left,index,259.0
25,Left,middle,259.0
25,Left,ring,271.0
25,Left,pinky,267.0
25,Right,thumb,223.0
25,Right,index,245.0
25,Right,middle,252.0
25,Right,ring,249.0
25,Right,pinky,246.0
26,Right,thumb,228.0
26,Right,index,239.0
26,Right,middle,248.0
26,Right,ring,254.0
26,Right,pinky,239.0
26,Left,thumb,245.0
26,Left,index,263.0
26,Left,middle,268.0
26,Left,ring,259.0
26,Left,pinky,243.0
27,Right,thumb,221.0
27,Right,index,253.0
27,Right,middle,250.0
27,Right,ring,243.0
27,Right,pinky,236.0
27,Left,thumb,245.0
27,Left,index,256.0
27,Left,middle,255.0
27,Left,ring,260.0
27,Left,pinky,259.0
28,Right,thumb,223.0
28,Right,index,245.0
28,Right,middle,262.0
28,Right,ring,250.0
28,Right,pinky,245.0
28,Left,thumb,243.0
28,Left,index,260.0
28,Left,middle,268.0
28,Left,ring,254.0
28,Left,pinky,255.0
29,Right,thumb,221.0
29,Right,index,237.0
29,Right,middle,248.0
29,Right,ring,249.0
29,Right,pinky,244.0
29,Left,thumb,241.0
29,Left,index,246.0
29,Left,middle,249.0
29,Left,ring,251.0
29,Left,pinky,260.0
30,Right,thumb,214.0
30,Right,index,248.0
30,Right,middle,242.0
30,Right,ring,240.0
30,Right,pinky,238.0
30,Left,thumb,228.0
30,Left,index,250.0
30,Left,middle,255.0
30,Left,ring,254.0
30,Left,pinky,263.0
31,Right,thumb,216.0
31,Right,index,245.0
31,Right,middle,247.0
31,Right,ring,244.0
31,Right,pinky,237.0
31,Left,thumb,219.0
31,Left,index,251.0
31,Left,middle,271.0
31,Left,ring,255.0
31,Left,pinky,237.0
32,Right,thumb,217.0
32,Right,index,234.0
32,Right,middle,247.0
32,Right,ring,235.0
32,Right,pinky,234.0
32,Left,thumb,220.0
32,Left,index,233.0
32,Left,middle,239.0
32,Left,ring,247.0
32,Left,pinky,259.0
34,Right,thumb,213.0
34,Right,index,236.0
34,Right,middle,242.0
34,Right,ring,244.0
34,Right,pinky,237.0
34,Left,thumb,243.0
34,Left,index,247.0
34,Left,middle,248.0
34,Left,ring,242.0
34,Left,pinky,237.0
35,Right,thumb,214.0
35,Right,index,255.0
35,Right,middle,239.0
35,Right,ring,253.0
35,Right,pinky,239.0
35,Left,thumb,247.0
35,Left,index,245.0
35,Left,middle,242.0
35,Left,ring,246.0
35,Left,pinky,254.0
36,Left,thumb,231.0
36,Left,index,241.0
36,Left,middle,269.0
36,Left,ring,251.0
36,Left,pinky,244.0
37,Right,thumb,221.0
37,Right,index,229.0
37,Right,middle,245.0
37,Right,ring,245.0
37,Right,pinky,243.0
37,Left,thumb,246.0
37,Left,index,256.0
37,Left,middle,265.0
37,Left,ring,252.0
37,Left,pinky,241.0
38,Left,thumb,244.0
38,Left,index,255.0
38,Left,middle,260.0
38,Left,ring,260.0
38,Left,pinky,251.0
38,Right,thumb,213.0
38,Right,index,240.0
38,Right,middle,248.0
38,Right,ring,240.0
38,Right,pinky,240.0
39,Left,thumb,250.0
39,Left,index,266.0
39,Left,middle,275.0
39,Left,ring,265.0
39,Left,pinky,252.0
39,Right,thumb,219.0
39,Right,index,241.0
39,Right,middle,258.0
39,Right,ring,248.0
39,Right,pinky,247.0
40,Right,thumb,220.0
40,Right,index,229.0
40,Right,middle,246.0
40,Right,ring,245.0
40,Right,pinky,235.0
40,Left,thumb,246.0
40,Left,index,256.0
40,Left,middle,257.0
40,Left,ring,247.0
40,Left,pinky,241.0
41,Right,thumb,218.0
41,Right,index,241.0
41,Right,middle,252.0
41,Right,ring,238.0
41,Right,pinky,237.0
41,Left,thumb,248.0
41,Left,index,255.0
41,Left,middle,264.0
41,Left,ring,260.0
41,Left,pinky,251.0
42,Left,thumb,247.0
42,Left,index,267.0
42,Left,middle,275.0
42,Left,ring,263.0
42,Left,pinky,259.0
42,Right,thumb,222.0
42,Right,index,240.0
42,Right,middle,242.0
42,Right,ring,247.0
42,Right,pinky,241.0
43,Right,thumb,223.0
43,Right,index,244.0
43,Right,middle,246.0
43,Right,ring,248.0
43,Right,pinky,239.0
43,Left,thumb,241.0
43,Left,index,259.0
43,Left,middle,263.0
43,Left,ring,249.0
43,Left,pinky,238.0
44,Left,thumb,237.0
44,Left,index,258.0
44,Left,middle,262.0
44,Left,ring,261.0
44,Left,pinky,254.0
44,Right,thumb,213.0
44,Right,index,244.0
44,Right,middle,244.0
44,Right,ring,249.0
44,Right,pinky,241.0
45,Right,thumb,213.0
45,Right,index,238.0
45,Right,middle,245.0
45,Right,ring,240.0
45,Right,pinky,236.0
45,Left,thumb,240.0
45,Left,index,251.0
45,Left,middle,262.0
45,Left,ring,252.0
45,Left,pinky,240.0
46,Left,thumb,232.0
46,Left,index,246.0
46,Left,middle,248.0
46,Left,ring,255.0
46,Left,pinky,254.0
46,Right,thumb,218.0
46,Right,index,247.0
46,Right,middle,242.0
46,Right,ring,248.0
46,Right,pinky,248.0
47,Right,thumb,219.0
47,Right,index,246.0
47,Right,middle,246.0
47,Right,ring,253.0
47,Right,pinky,251.0
47,Left,thumb,233.0
47,Left,index,254.0
47,Left,middle,273.0
47,Left,ring,260.0
47,Left,pinky,243.0
48,Right,thumb,217.0
48,Right,index,233.0
48,Right,middle,249.0
48,Right,ring,249.0
48,Right,pinky,252.0
48,Left,thumb,233.0
48,Left,index,259.0
48,Left,middle,263.0
48,Left,ring,258.0
48,Left,pinky,247.0
49,Left,thumb,230.0
49,Left,index,252.0
49,Left,middle,251.0
49,Left,ring,256.0
49,Left,pinky,254.0
49,Right,thumb,217.0
49,Right,index,254.0
49,Right,middle,246.0
49,Right,ring,252.0
49,Right,pinky,248.0
50,Left,thumb,233.0
50,Left,index,259.0
50,Left,middle,268.0
50,Left,ring,267.0
50,Left,pinky,256.0
50,Right,thumb,220.0
50,Right,index,241.0
50,Right,middle,242.0
50,Right,ring,252.0
50,Right,pinky,246.0
51,Right,thumb,221.0
51,Right,index,242.0
51,Right,middle,244.0
51,Right,ring,252.0
51,Right,pinky,240.0
51,Left,thumb,235.0
51,Left,index,256.0
51,Left,middle,266.0
51,Left,ring,257.0
51,Left,pinky,240.0
52,Left,thumb,240.0
52,Left,index,261.0
52,Left,middle,262.0
52,Left,ring,261.0
52,Left,pinky,257.0
52,Right,thumb,228.0
52,Right,index,244.0
52,Right,middle,245.0
52,Right,ring,250.0
52,Right,pinky,239.0
53,Right,thumb,223.0
53,Right,index,239.0
53,Right,middle,235.0
53,Right,ring,247.0
53,Right,pinky,238.0
53,Left,thumb,237.0
53,Left,index,259.0
53,Left,middle,267.0
53,Left,ring,256.0
53,Left,pinky,241.0
54,Right,thumb,222.0
54,Right,index,243.0
54,Right,middle,247.0
54,Right,ring,238.0
54,Right,pinky,240.0
54,Left,thumb,236.0
54,Left,index,261.0
54,Left,middle,264.0
54,Left,ring,258.0
54,Left,pinky,240.0
55,Right,thumb,227.0
55,Right,index,244.0
55,Right,middle,247.0
55,Right,ring,242.0
55,Right,pinky,245.0
55,Left,thumb,241.0
55,Left,index,257.0
55,Left,middle,255.0
55,Left,ring,257.0
55,Left,pinky,256.0
56,Right,thumb,220.0
56,Right,index,240.0
56,Right,middle,248.0
56,Right,ring,250.0
56,Right,pinky,245.0
56,Left,thumb,243.0
56,Left,index,263.0
56,Left,middle,274.0
56,Left,ring,262.0
56,Left,pinky,252.0
57,Right,thumb,213.0
57,Right,index,237.0
57,Right,middle,242.0
57,Right,ring,238.0
57,Right,pinky,236.0
57,Left,thumb,235.0
57,Left,index,256.0
57,Left,middle,264.0
57,Left,ring,251.0
57,Left,pinky,237.0
58,Left,thumb,239.0
58,Left,index,261.0
58,Left,middle,261.0
58,Left,ring,261.0
58,Left,pinky,254.0
58,Right,thumb,228.0
58,Right,index,251.0
58,Right,middle,247.0
58,Right,ring,244.0
58,Right,pinky,244.0
59,Right,thumb,227.0
59,Right,index,246.0
59,Right,middle,242.0
59,Right,ring,246.0
59,Right,pinky,248.0
59,Left,thumb,235.0
59,Left,index,251.0
59,Left,middle,270.0
59,Left,ring,259.0
59,Left,pinky,247.0
60,Left,thumb,234.0
60,Left,index,252.0
60,Left,middle,252.0
60,Left,ring,254.0
60,Left,pinky,251.0
60,Right,thumb,226.0
60,Right,index,241.0
60,Right,middle,242.0
60,Right,ring,248.0
60,Right,pinky,243.0
61,Left,thumb,238.0
61,Left,index,255.0
61,Left,middle,255.0
61,Left,ring,271.0
61,Left,pinky,262.0
61,Right,thumb,227.0
61,Right,index,258.0
61,Right,middle,247.0
61,Right,ring,253.0
61,Right,pinky,249.0
62,Left,thumb,244.0
62,Left,index,261.0
62,Left,middle,274.0
62,Left,ring,264.0
62,Left,pinky,248.0
62,Right,thumb,221.0
62,Right,index,242.0
62,Right,middle,237.0
62,Right,ring,250.0
62,Right,pinky,248.0
63,Left,thumb,243.0
63,Left,index,262.0
63,Left,middle,261.0
63,Left,ring,257.0
63,Left,pinky,248.0
63,Right,thumb,216.0
63,Right,index,228.0
63,Right,middle,244.0
63,Right,ring,248.0
63,Right,pinky,243.0
64,Left,thumb,250.0
64,Left,index,263.0
64,Left,middle,264.0
64,Left,ring,275.0
64,Left,pinky,258.0
64,Right,thumb,218.0
64,Right,index,253.0
64,Right,middle,252.0
64,Right,ring,250.0
64,Right,pinky,246.0
65,Right,thumb,218.0
65,Right,index,234.0
65,Right,middle,244.0
65,Right,ring,250.0
65,Right,pinky,246.0
65,Left,thumb,245.0
65,Left,index,270.0
65,Left,middle,271.0
65,Left,ring,263.0
65,Left,pinky,245.0
66,Left,thumb,238.0
66,Left,index,248.0
66,Left,middle,266.0
66,Left,ring,270.0
66,Left,pinky,270.0
67,Left,thumb,253.0
67,Left,index,262.0
67,Left,middle,267.0
67,Left,ring,266.0
67,Left,pinky,253.0
67,Right,thumb,223.0
67,Right,index,241.0
67,Right,middle,241.0
67,Right,ring,251.0
67,Right,pinky,244.0
68,Right,thumb,215.0
68,Right,index,228.0
68,Right,middle,238.0
68,Right,ring,249.0
68,Right,pinky,237.0
68,Left,thumb,247.0
68,Left,index,260.0
68,Left,middle,270.0
68,Left,ring,254.0
68,Left,pinky,244.0
69,Right,thumb,213.0
69,Right,index,248.0
69,Right,middle,258.0
69,Right,ring,241.0
69,Right,pinky,237.0
69,Left,thumb,239.0
69,Left,index,265.0
69,Left,middle,257.0
69,Left,ring,257.0
69,Left,pinky,252.0
70,Left,thumb,246.0
70,Left,index,269.0
70,Left,middle,282.0
70,Left,ring,266.0
70,Left,pinky,247.0
70,Right,thumb,218.0
70,Right,index,240.0
70,Right,middle,248.0
70,Right,ring,251.0
70,Right,pinky,254.0
71,Left,thumb,228.0
71,Left,index,253.0
71,Left,middle,253.0
71,Left,ring,257.0
71,Left,pinky,242.0
71,Right,thumb,217.0
71,Right,index,238.0
71,Right,middle,248.0
71,Right,ring,243.0
71,Right,pinky,248.0
72,Left,thumb,225.0
72,Left,index,263.0
72,Left,middle,264.0
72,Left,ring,262.0
72,Left,pinky,244.0
72,Right,thumb,219.0
72,Right,index,239.0
72,Right,middle,245.0
72,Right,ring,243.0
72,Right,pinky,250.0
73,Right,thumb,217.0
73,Right,index,237.0
73,Right,middle,238.0
73,Right,ring,247.0
73,Right,pinky,243.0
73,Left,thumb,221.0
73,Left,index,255.0
73,Left,middle,263.0
73,Left,ring,256.0
73,Left,pinky,241.0
75,Right,thumb,220.0
75,Right,index,246.0
75,Right,middle,250.0
75,Right,ring,244.0
75,Right,pinky,247.0
75,Left,thumb,225.0
75,Left,index,252.0
75,Left,middle,266.0
75,Left,ring,265.0
75,Left,pinky,249.0
76,Right,thumb,217.0
76,Right,index,240.0
76,Right,middle,249.0
76,Right,ring,247.0
76,Right,pinky,238.0
76,Left,thumb,222.0
76,Left,index,252.0
76,Left,middle,249.0
76,Left,ring,247.0
76,Left,pinky,248.0
78,Right,thumb,232.0
78,Right,index,229.0
78,Right,middle,253.0
78,Right,ring,246.0
78,Right,pinky,240.0
78,Left,thumb,241.0
78,Left,index,266.0
78,Left,middle,282.0
78,Left,ring,263.0
78,Left,pinky,245.0
79,Left,thumb,228.0
79,Left,index,261.0
79,Left,middle,262.0
79,Left,ring,259.0
79,Left,pinky,254.0
79,Right,thumb,216.0
79,Right,index,255.0
79,Right,middle,246.0
79,Right,ring,253.0
79,Right,pinky,242.0
80,Right,thumb,263.0
80,Right,index,255.0
80,Right,middle,280.0
80,Right,ring,272.0
80,Right,pinky,241.0
82,Left,thumb,239.0
82,Left,index,269.0
82,Left,middle,284.0
82,Left,ring,272.0
82,Left,pinky,252.0
82,Right,thumb,220.0
82,Right,index,246.0
82,Right,middle,261.0
82,Right,ring,254.0
82,Right,pinky,255.0
83,Left,thumb,233.0
83,Left,index,257.0
83,Left,middle,258.0
83,Left,ring,255.0
83,Left,pinky,260.0
83,Right,thumb,215.0
83,Right,index,224.0
83,Right,middle,246.0
83,Right,ring,247.0
83,Right,pinky,239.0
84,Right,thumb,214.0
84,Right,index,249.0
84,Right,middle,243.0
84,Right,ring,247.0
84,Right,pinky,237.0
84,Left,thumb,225.0
84,Left,index,259.0
84,Left,middle,271.0
84,Left,ring,264.0
84,Left,pinky,246.0
85,Left,thumb,230.0
85,Left,index,264.0
85,Left,middle,270.0
85,Left,ring,263.0
85,Left,pinky,259.0
85,Right,thumb,224.0
85,Right,index,240.0
85,Right,middle,248.0
85,Right,ring,253.0
85,Right,pinky,241.0
86,Right,thumb,218.0
86,Right,index,265.0
86,Right,middle,252.0
86,Right,ring,251.0
86,Right,pinky,245.0
86,Left,thumb,235.0
86,Left,index,259.0
86,Left,middle,262.0
86,Left,ring,260.0
86,Left,pinky,239.0
87,Right,thumb,212.0
87,Right,index,245.0
87,Right,middle,242.0
87,Right,ring,255.0
87,Right,pinky,240.0
87,Left,thumb,228.0
87,Left,index,249.0
87,Left,middle,254.0
87,Left,ring,248.0
87,Left,pinky,263.0
88,Right,thumb,219.0
88,Right,index,244.0
88,Right,middle,256.0
88,Right,ring,251.0
88,Right,pinky,247.0
88,Left,thumb,238.0
88,Left,index,275.0
88,Left,middle,269.0
88,Left,ring,279.0
88,Left,pinky,260.0
89,Right,thumb,226.0
89,Right,index,237.0
89,Right,middle,256.0
89,Right,ring,252.0
89,Right,pinky,251.0
89,Left,thumb,229.0
89,Left,index,264.0
89,Left,middle,272.0
89,Left,ring,268.0
89,Left,pinky,251.0
90,Left,thumb,225.0
90,Left,index,255.0
90,Left,middle,264.0
90,Left,ring,264.0
90,Left,pinky,257.0
90,Right,thumb,217.0
90,Right,index,244.0
90,Right,middle,246.0
90,Right,ring,243.0
90,Right,pinky,250.0
91,Right,thumb,218.0
91,Right,index,227.0
91,Right,middle,244.0
91,Right,ring,252.0
91,Right,pinky,244.0
91,Left,thumb,225.0
91,Left,index,261.0
91,Left,middle,258.0
91,Left,ring,249.0
91,Left,pinky,241.0
92,Right,thumb,217.0
92,Right,index,245.0
92,Right,middle,240.0
92,Right,ring,234.0
92,Right,pinky,233.0
92,Left,thumb,221.0
92,Left,index,241.0
92,Left,middle,238.0
92,Left,ring,248.0
92,Left,pinky,238.0
93,Right,thumb,218.0
93,Right,index,231.0
93,Right,middle,239.0
93,Right,ring,240.0
93,Right,pinky,235.0
93,Left,thumb,222.0
93,Left,index,249.0
93,Left,middle,250.0
93,Left,ring,262.0
93,Left,pinky,241.0
94,Right,thumb,220.0
94,Right,index,223.0
94,Right,middle,237.0
94,Right,ring,244.0
94,Right,pinky,234.0
94,Left,thumb,225.0
94,Left,index,250.0
94,Left,middle,259.0
94,Left,ring,247.0
94,Left,pinky,235.0
96,Right,thumb,224.0
96,Right,index,237.0
96,Right,middle,247.0
96,Right,ring,245.0
96,Right,pinky,243.0
96,Left,thumb,230.0
96,Left,index,259.0
96,Left,middle,274.0
96,Left,ring,265.0
96,Left,pinky,251.0
97,Right,thumb,224.0
97,Right,index,237.0
97,Right,middle,246.0
97,Right,ring,259.0
97,Right,pinky,243.0
97,Left,thumb,232.0
97,Left,index,262.0
97,Left,middle,263.0
97,Left,ring,260.0
97,Left,pinky,242.0
98,Right,thumb,220.0
98,Right,index,250.0
98,Right,middle,242.0
98,Right,ring,248.0
98,Right,pinky,241.0
98,Left,thumb,229.0
98,Left,index,256.0
98,Left,middle,265.0
98,Left,ring,265.0
98,Left,pinky,254.0
99,Right,thumb,220.0
99,Right,index,235.0
99,Right,middle,249.0
99,Right,ring,245.0
99,Right,pinky,243.0
99,Left,thumb,235.0
99,Left,index,267.0
99,Left,middle,269.0
99,Left,ring,266.0
99,Left,pinky,242.0
101,Left,thumb,227.0
101,Left,index,261.0
101,Left,middle,258.0
101,Left,ring,257.0
101,Left,pinky,241.0
101,Right,thumb,222.0
101,Right,index,247.0
101,Right,middle,238.0
101,Right,ring,241.0
101,Right,pinky,244.0
102,Right,thumb,218.0
102,Right,index,228.0
102,Right,middle,254.0
102,Right,ring,250.0
102,Right,pinky,249.0
102,Left,thumb,231.0
102,Left,index,258.0
102,Left,middle,271.0
102,Left,ring,262.0
102,Left,pinky,245.0
103,Right,thumb,226.0
103,Right,index,239.0
103,Right,middle,239.0
103,Right,ring,247.0
103,Right,pinky,239.0
103,Left,thumb,228.0
103,Left,index,258.0
103,Left,middle,273.0
103,Left,ring,258.0
103,Left,pinky,244.0
104,Left,thumb,230.0
104,Left,index,263.0
104,Left,middle,259.0
104,Left,ring,258.0
104,Left,pinky,245.0
104,Right,thumb,223.0
104,Right,index,253.0
104,Right,middle,244.0
104,Right,ring,246.0
104,Right,pinky,240.0
105,Right,thumb,215.0
105,Right,index,235.0
105,Right,middle,238.0
105,Right,ring,250.0
105,Right,pinky,241.0
105,Left,thumb,226.0
105,Left,index,252.0
105,Left,middle,269.0
105,Left,ring,260.0
105,Left,pinky,239.0
106,Right,thumb,217.0
106,Right,index,228.0
106,Right,middle,246.0
106,Right,ring,244.0
106,Right,pinky,242.0
106,Left,thumb,230.0
106,Left,index,257.0
106,Left,middle,263.0
106,Left,ring,256.0
106,Left,pinky,240.0
108,Right,thumb,222.0
108,Right,index,241.0
108,Right,middle,240.0
108,Right,ring,247.0
108,Right,pinky,245.0
108,Left,thumb,239.0
108,Left,index,255.0
108,Left,middle,276.0
108,Left,ring,261.0
108,Left,pinky,252.0
109,Right,thumb,226.0
109,Right,index,227.0
109,Right,middle,240.0
109,Right,ring,243.0
109,Right,pinky,240.0
109,Left,thumb,238.0
109,Left,index,254.0
109,Left,middle,272.0
109,Left,ring,256.0
109,Left,pinky,236.0
111,Right,thumb,220.0
111,Right,index,238.0
111,Right,middle,243.0
111,Right,ring,249.0
111,Right,pinky,243.0
111,Left,thumb,239.0
111,Left,index,260.0
111,Left,middle,280.0
111,Left,ring,262.0
111,Left,pinky,250.0
112,Right,thumb,217.0
112,Right,index,242.0
112,Right,middle,247.0
112,Right,ring,253.0
112,Right,pinky,244.0
112,Left,thumb,223.0
112,Left,index,255.0
112,Left,middle,268.0
112,Left,ring,254.0
112,Left,pinky,237.0
113,Right,thumb,219.0
113,Right,index,248.0
113,Right,middle,246.0
113,Right,ring,247.0
113,Right,pinky,245.0
113,Left,thumb,227.0
113,Left,index,254.0
113,Left,middle,254.0
113,Left,ring,254.0
113,Left,pinky,243.0
114,Left,thumb,243.0
114,Left,index,256.0
114,Left,middle,277.0
114,Left,ring,266.0
114,Left,pinky,249.0
114,Right,thumb,229.0
114,Right,index,242.0
114,Right,middle,244.0
114,Right,ring,250.0
114,Right,pinky,252.0
115,Right,thumb,233.0
115,Right,index,233.0
115,Right,middle,248.0
115,Right,ring,244.0
115,Right,pinky,241.0
115,Left,thumb,236.0
115,Left,index,256.0
115,Left,middle,262.0
115,Left,ring,255.0
115,Left,pinky,235.0
116,Left,thumb,229.0
116,Left,index,258.0
116,Left,middle,259.0
116,Left,ring,260.0
116,Left,pinky,245.0
116,Right,thumb,224.0
116,Right,index,248.0
116,Right,middle,251.0
116,Right,ring,247.0
116,Right,pinky,247.0
117,Right,thumb,236.0
117,Right,index,234.0
117,Right,middle,248.0
117,Right,ring,246.0
117,Right,pinky,248.0
117,Left,thumb,239.0
117,Left,index,253.0
117,Left,middle,270.0
117,Left,ring,260.0
117,Left,pinky,243.0
118,Left,thumb,216.0
118,Left,index,240.0
118,Left,middle,270.0
118,Left,ring,262.0
118,Left,pinky,250.0
119,Right,thumb,223.0
119,Right,index,245.0
119,Right,middle,248.0
119,Right,ring,247.0
119,Right,pinky,244.0
119,Left,thumb,225.0
119,Left,index,248.0
119,Left,middle,252.0
119,Left,ring,251.0
119,Left,pinky,247.0
120,Left,thumb,235.0
120,Left,index,265.0
120,Left,middle,277.0
120,Left,ring,263.0
120,Left,pinky,248.0
120,Right,thumb,230.0
120,Right,index,241.0
120,Right,middle,253.0
120,Right,ring,254.0
120,Right,pinky,247.0
121,Right,thumb,225.0
121,Right,index,246.0
121,Right,middle,252.0
121,Right,ring,243.0
121,Right,pinky,242.0
121,Left,thumb,229.0
121,Left,index,255.0
121,Left,middle,274.0
121,Left,ring,258.0
121,Left,pinky,241.0
122,Left,thumb,226.0
122,Left,index,255.0
122,Left,middle,261.0
122,Left,ring,257.0
122,Left,pinky,256.0
122,Right,thumb,221.0
122,Right,index,248.0
122,Right,middle,251.0
122,Right,ring,244.0
122,Right,pinky,243.0
123,Left,thumb,240.0
123,Left,index,273.0
123,Left,middle,279.0
123,Left,ring,263.0
123,Left,pinky,249.0
123,Right,thumb,233.0
123,Right,index,243.0
123,Right,middle,255.0
123,Right,ring,257.0
123,Right,pinky,245.0
124,Right,thumb,230.0
124,Right,index,235.0
124,Right,middle,246.0
124,Right,ring,244.0
124,Right,pinky,241.0
124,Left,thumb,238.0
124,Left,index,261.0
124,Left,middle,264.0
124,Left,ring,260.0
124,Left,pinky,246.0
125,Right,thumb,222.0
125,Right,index,252.0
125,Right,middle,247.0
125,Right,ring,241.0
125,Right,pinky,245.0
125,Left,thumb,231.0
125,Left,index,266.0
125,Left,middle,276.0
125,Left,ring,263.0
125,Left,pinky,260.0
126,Right,thumb,229.0
126,Right,index,232.0
126,Right,middle,247.0
126,Right,ring,254.0
126,Right,pinky,256.0
126,Left,thumb,243.0
126,Left,index,265.0
126,Left,middle,282.0
126,Left,ring,265.0
126,Left,pinky,252.0
127,Right,thumb,220.0
127,Right,index,251.0
127,Right,middle,244.0
127,Right,ring,253.0
127,Right,pinky,248.0
127,Left,thumb,243.0
127,Left,index,267.0
127,Left,middle,277.0
127,Left,ring,266.0
127,Left,pinky,255.0
128,Right,thumb,224.0
128,Right,index,238.0
128,Right,middle,241.0
128,Right,ring,250.0
128,Right,pinky,248.0
128,Left,thumb,242.0
128,Left,index,263.0
128,Left,middle,271.0
128,Left,ring,259.0
128,Left,pinky,243.0
129,Right,thumb,229.0
129,Right,index,229.0
129,Right,middle,242.0
129,Right,ring,250.0
129,Right,pinky,250.0
129,Left,thumb,239.0
129,Left,index,274.0
129,Left,middle,274.0
129,Left,ring,259.0
129,Left,pinky,241.0
130,Right,thumb,222.0
130,Right,index,235.0
130,Right,middle,243.0
130,Right,ring,249.0
130,Right,pinky,251.0
130,Left,thumb,238.0
130,Left,index,265.0
130,Left,middle,264.0
130,Left,ring,262.0
130,Left,pinky,251.0
131,Right,thumb,234.0
131,Right,index,238.0
131,Right,middle,243.0
131,Right,ring,247.0
131,Right,pinky,252.0
131,Left,thumb,241.0
131,Left,index,265.0
131,Left,middle,280.0
131,Left,ring,268.0
131,Left,pinky,247.0
132,Right,thumb,229.0
132,Right,index,233.0
132,Right,middle,245.0
132,Right,ring,246.0
132,Right,pinky,243.0
132,Left,thumb,241.0
132,Left,index,262.0
132,Left,middle,263.0
132,Left,ring,261.0
132,Left,pinky,247.0
133,Left,thumb,236.0
133,Left,index,261.0
133,Left,middle,277.0
133,Left,ring,262.0
133,Left,pinky,250.0
133,Right,thumb,232.0
133,Right,index,252.0
133,Right,middle,244.0
133,Right,ring,247.0
133,Right,pinky,245.0
134,Left,thumb,240.0
134,Left,index,263.0
134,Left,middle,269.0
134,Left,ring,258.0
134,Left,pinky,240.0
134,Right,thumb,232.0
134,Right,index,238.0
134,Right,middle,256.0
134,Right,ring,247.0
134,Right,pinky,242.0
135,Left,thumb,241.0
135,Left,index,249.0
135,Left,middle,260.0
135,Left,ring,257.0
135,Left,pinky,247.0
135,Right,thumb,227.0
135,Right,index,243.0
135,Right,middle,239.0
135,Right,ring,238.0
135,Right,pinky,239.0
136,Left,thumb,250.0
136,Left,index,267.0
136,Left,middle,270.0
136,Left,ring,257.0
136,Left,pinky,249.0
136,Right,thumb,239.0
136,Right,index,243.0
136,Right,middle,243.0
136,Right,ring,239.0
136,Right,pinky,245.0
137,Right,thumb,231.0
137,Right,index,223.0
137,Right,middle,243.0
137,Right,ring,247.0
137,Right,pinky,247.0
137,Left,thumb,245.0
137,Left,index,268.0
137,Left,middle,262.0
137,Left,ring,256.0
137,Left,pinky,245.0
138,Right,thumb,219.0
138,Right,index,246.0
138,Right,middle,242.0
138,Right,ring,243.0
138,Right,pinky,248.0
138,Left,thumb,247.0
138,Left,index,258.0
138,Left,middle,264.0
138,Left,ring,250.0
138,Left,pinky,251.0
139,Right,thumb,222.0
139,Right,index,229.0
139,Right,middle,244.0
139,Right,ring,240.0
139,Right,pinky,241.0
139,Left,thumb,254.0
139,Left,index,269.0
139,Left,middle,273.0
139,Left,ring,258.0
139,Left,pinky,244.0
140,Right,thumb,215.0
140,Right,index,248.0
140,Right,middle,246.0
140,Right,ring,244.0
140,Right,pinky,247.0
140,Left,thumb,247.0
140,Left,index,263.0
140,Left,middle,260.0
140,Left,ring,246.0
140,Left,pinky,237.0
141,Right,thumb,219.0
141,Right,index,239.0
141,Right,middle,241.0
141,Right,ring,245.0
141,Right,pinky,247.0
141,Left,thumb,243.0
141,Left,index,266.0
141,Left,middle,278.0
141,Left,ring,266.0
141,Left,pinky,256.0
142,Right,thumb,222.0
142,Right,index,236.0
142,Right,middle,241.0
142,Right,ring,240.0
142,Right,pinky,249.0
142,Left,thumb,240.0
142,Left,index,271.0
142,Left,middle,278.0
142,Left,ring,259.0
142,Left,pinky,240.0
143,Right,thumb,224.0
143,Right,index,251.0
143,Right,middle,243.0
143,Right,ring,241.0
143,Right,pinky,256.0
143,Left,thumb,229.0
143,Left,index,266.0
143,Left,middle,261.0
143,Left,ring,262.0
143,Left,pinky,254.0
144,Right,thumb,222.0
144,Right,index,237.0
144,Right,middle,244.0
144,Right,ring,257.0
144,Right,pinky,252.0
144,Left,thumb,226.0
144,Left,index,256.0
144,Left,middle,279.0
144,Left,ring,256.0
144,Left,pinky,243.0
145,Right,thumb,218.0
145,Right,index,249.0
145,Right,middle,246.0
145,Right,ring,244.0
145,Right,pinky,237.0
145,Left,thumb,223.0
145,Left,index,260.0
145,Left,middle,262.0
145,Left,ring,249.0
145,Left,pinky,236.0
146,Right,thumb,218.0
146,Right,index,242.0
146,Right,middle,242.0
146,Right,ring,248.0
146,Right,pinky,241.0
146,Left,thumb,230.0
146,Left,index,251.0
146,Left,middle,267.0
146,Left,ring,265.0
146,Left,pinky,247.0
147,Right,thumb,215.0
147,Right,index,234.0
147,Right,middle,244.0
147,Right,ring,249.0
147,Right,pinky,250.0
147,Left,thumb,230.0
147,Left,index,261.0
147,Left,middle,269.0
147,Left,ring,259.0
147,Left,pinky,240.0
148,Left,thumb,243.0
148,Left,index,262.0
148,Left,middle,268.0
148,Left,ring,271.0
148,Left,pinky,253.0
148,Right,thumb,220.0
148,Right,index,251.0
148,Right,middle,249.0
148,Right,ring,253.0
148,Right,pinky,249.0
149,Right,thumb,218.0
149,Right,index,238.0
149,Right,middle,245.0
149,Right,ring,251.0
149,Right,pinky,249.0
149,Left,thumb,242.0
149,Left,index,268.0
149,Left,middle,269.0
149,Left,ring,258.0
149,Left,pinky,241.0
150,Left,thumb,256.0
150,Left,index,265.0
150,Left,middle,275.0
150,Left,ring,268.0
150,Left,pinky,260.0
150,Right,thumb,225.0
150,Right,index,240.0
150,Right,middle,248.0
150,Right,ring,255.0
150,Right,pinky,250.0
151,Right,thumb,215.0
151,Right,index,249.0
151,Right,middle,248.0
151,Right,ring,246.0
151,Right,pinky,246.0
151,Left,thumb,248.0
151,Left,index,265.0
151,Left,middle,274.0
151,Left,ring,254.0
151,Left,pinky,241.0
152,Right,thumb,220.0
152,Right,index,233.0
152,Right,middle,240.0
152,Right,ring,250.0
152,Right,pinky,248.0
152,Left,thumb,251.0
152,Left,index,266.0
152,Left,middle,271.0
152,Left,ring,263.0
152,Left,pinky,256.0
153,Right,thumb,225.0
153,Right,index,237.0
153,Right,middle,247.0
153,Right,ring,245.0
153,Right,pinky,246.0
153,Left,thumb,247.0
153,Left,index,268.0
153,Left,middle,263.0
153,Left,ring,250.0
153,Left,pinky,241.0
154,Right,thumb,223.0
154,Right,index,256.0
154,Right,middle,248.0
154,Right,ring,249.0
154,Right,pinky,253.0
154,Left,thumb,251.0
154,Left,index,276.0
154,Left,middle,278.0
154,Left,ring,257.0
154,Left,pinky,248.0
155,Left,thumb,260.0
155,Left,index,277.0
155,Left,middle,277.0
155,Left,ring,264.0
155,Left,pinky,249.0
155,Right,thumb,234.0
155,Right,index,242.0
155,Right,middle,245.0
155,Right,ring,250.0
155,Right,pinky,255.0
156,Right,thumb,232.0
156,Right,index,248.0
156,Right,middle,249.0
156,Right,ring,245.0
156,Right,pinky,242.0
156,Left,thumb,249.0
156,Left,index,265.0
156,Left,middle,264.0
156,Left,ring,255.0
156,Left,pinky,243.0
157,Left,thumb,252.0
157,Left,index,268.0
157,Left,middle,266.0
157,Left,ring,260.0
157,Left,pinky,251.0
157,Right,thumb,241.0
157,Right,index,240.0
157,Right,middle,248.0
157,Right,ring,244.0
157,Right,pinky,242.0
158,Left,thumb,256.0
158,Left,index,263.0
158,Left,middle,266.0
158,Left,ring,260.0
158,Left,pinky,247.0
158,Right,thumb,241.0
158,Right,index,230.0
158,Right,middle,245.0
158,Right,ring,247.0
158,Right,pinky,245.0
160,Left,thumb,259.0
160,Left,index,268.0
160,Left,middle,265.0
160,Left,ring,272.0
160,Left,pinky,254.0
160,Right,thumb,225.0
160,Right,index,247.0
160,Right,middle,244.0
160,Right,ring,253.0
160,Right,pinky,248.0
161,Right,thumb,221.0
161,Right,index,232.0
161,Right,middle,248.0
161,Right,ring,246.0
161,Right,pinky,240.0
161,Left,thumb,255.0
161,Left,index,269.0
161,Left,middle,266.0
161,Left,ring,257.0
161,Left,pinky,246.0
162,Right,thumb,217.0
162,Right,index,253.0
162,Right,middle,252.0
162,Right,ring,248.0
162,Right,pinky,245.0
162,Left,thumb,250.0
162,Left,index,270.0
162,Left,middle,271.0
162,Left,ring,261.0
162,Left,pinky,259.0
163,Right,thumb,219.0
163,Right,index,235.0
163,Right,middle,239.0
163,Right,ring,247.0
163,Right,pinky,242.0
163,Left,thumb,248.0
163,Left,index,268.0
163,Left,middle,273.0
163,Left,ring,264.0
163,Left,pinky,249.0
164,Right,thumb,217.0
164,Right,index,234.0
164,Right,middle,243.0
164,Right,ring,243.0
164,Right,pinky,253.0
164,Left,thumb,245.0
164,Left,index,267.0
164,Left,middle,260.0
164,Left,ring,257.0
164,Left,pinky,247.0
165,Left,thumb,243.0
165,Left,index,260.0
165,Left,middle,255.0
165,Left,ring,250.0
165,Left,pinky,245.0
165,Right,thumb,219.0
165,Right,index,251.0
165,Right,middle,235.0
165,Right,ring,239.0
165,Right,pinky,247.0
166,Right,thumb,225.0
166,Right,index,228.0
166,Right,middle,243.0
166,Right,ring,250.0
166,Right,pinky,249.0
166,Left,thumb,239.0
166,Left,index,253.0
166,Left,middle,269.0
166,Left,ring,261.0
166,Left,pinky,244.0
167,Right,thumb,220.0
167,Right,index,245.0
167,Right,middle,239.0
167,Right,ring,243.0
167,Right,pinky,236.0
167,Left,thumb,245.0
167,Left,index,255.0
167,Left,middle,262.0
167,Left,ring,249.0
167,Left,pinky,240.0
168,Right,thumb,222.0
168,Right,index,243.0
168,Right,middle,239.0
168,Right,ring,242.0
168,Right,pinky,232.0
168,Left,thumb,238.0
168,Left,index,252.0
168,Left,middle,248.0
168,Left,ring,253.0
168,Left,pinky,239.0
169,Right,thumb,226.0
169,Right,index,234.0
169,Right,middle,243.0
169,Right,ring,251.0
169,Right,pinky,241.0
169,Left,thumb,240.0
169,Left,index,256.0
169,Left,middle,267.0
169,Left,ring,253.0
169,Left,pinky,242.0
170,Right,thumb,223.0
170,Right,index,245.0
170,Right,middle,247.0
170,Right,ring,253.0
170,Right,pinky,249.0
170,Left,thumb,239.0
170,Left,index,255.0
170,Left,middle,262.0
170,Left,ring,263.0
170,Left,pinky,256.0
171,Left,thumb,247.0
171,Left,index,269.0
171,Left,middle,272.0
171,Left,ring,260.0
171,Left,pinky,253.0
171,Right,thumb,224.0
171,Right,index,250.0
171,Right,middle,258.0
171,Right,ring,257.0
171,Right,pinky,243.0
172,Right,thumb,226.0
172,Right,index,234.0
172,Right,middle,244.0
172,Right,ring,252.0
172,Right,pinky,251.0
172,Left,thumb,252.0
172,Left,index,273.0
172,Left,middle,269.0
172,Left,ring,255.0
172,Left,pinky,253.0
173,Right,thumb,224.0
173,Right,index,241.0
173,Right,middle,250.0
173,Right,ring,249.0
173,Right,pinky,246.0
173,Left,thumb,252.0
173,Left,index,272.0
173,Left,middle,270.0
173,Left,ring,264.0
173,Left,pinky,256.0
174,Right,thumb,217.0
174,Right,index,249.0
174,Right,middle,242.0
174,Right,ring,238.0
174,Right,pinky,244.0
174,Left,thumb,242.0
174,Left,index,263.0
174,Left,middle,259.0
174,Left,ring,252.0
174,Left,pinky,243.0
175,Right,thumb,222.0
175,Right,index,235.0
175,Right,middle,248.0
175,Right,ring,266.0
175,Right,pinky,252.0
175,Left,thumb,243.0
175,Left,index,267.0
175,Left,middle,281.0
175,Left,ring,260.0
175,Left,pinky,246.0
176,Right,thumb,214.0
176,Right,index,235.0
176,Right,middle,244.0
176,Right,ring,260.0
176,Right,pinky,252.0
176,Left,thumb,243.0
176,Left,index,271.0
176,Left,middle,267.0
176,Left,ring,260.0
176,Left,pinky,254.0
177,Right,thumb,219.0
177,Right,index,231.0
177,Right,middle,231.0
177,Right,ring,252.0
177,Right,pinky,259.0
177,Left,thumb,243.0
177,Left,index,258.0
177,Left,middle,273.0
177,Left,ring,270.0
177,Left,pinky,252.0
178,Right,thumb,218.0
178,Right,index,224.0
178,Right,middle,239.0
178,Right,ring,241.0
178,Right,pinky,239.0
178,Left,thumb,249.0
178,Left,index,254.0
178,Left,middle,259.0
178,Left,ring,249.0
178,Left,pinky,238.0
180,Left,thumb,239.0
180,Left,index,256.0
180,Left,middle,267.0
180,Left,ring,270.0
180,Left,pinky,253.0
180,Right,thumb,219.0
180,Right,index,242.0
180,Right,middle,243.0
180,Right,ring,254.0
180,Right,pinky,241.0
181,Right,thumb,220.0
181,Right,index,235.0
181,Right,middle,249.0
181,Right,ring,250.0
181,Right,pinky,240.0
181,Left,thumb,232.0
181,Left,index,260.0
181,Left,middle,264.0
181,Left,ring,251.0
181,Left,pinky,238.0
182,Right,thumb,221.0
182,Right,index,257.0
182,Right,middle,249.0
182,Right,ring,255.0
182,Right,pinky,241.0
182,Left,thumb,241.0
182,Left,index,252.0
182,Left,middle,267.0
182,Left,ring,274.0
182,Left,pinky,251.0
183,Right,thumb,220.0
183,Right,index,230.0
183,Right,middle,256.0
183,Right,ring,253.0
183,Right,pinky,256.0
183,Left,thumb,245.0
183,Left,index,265.0
183,Left,middle,269.0
183,Left,ring,259.0
183,Left,pinky,247.0
184,Right,thumb,220.0
184,Right,index,255.0
184,Right,middle,244.0
184,Right,ring,247.0
184,Right,pinky,244.0
184,Left,thumb,244.0
184,Left,index,263.0
184,Left,middle,272.0
184,Left,ring,263.0
184,Left,pinky,253.0
185,Right,thumb,219.0
185,Right,index,241.0
185,Right,middle,237.0
185,Right,ring,244.0
185,Right,pinky,241.0
185,Left,thumb,249.0
185,Left,index,271.0
185,Left,middle,264.0
185,Left,ring,260.0
185,Left,pinky,245.0
186,Right,thumb,217.0
186,Right,index,233.0
186,Right,middle,251.0
186,Right,ring,246.0
186,Right,pinky,245.0
186,Left,thumb,247.0
186,Left,index,268.0
186,Left,middle,268.0
186,Left,ring,259.0
186,Left,pinky,255.0
187,Right,thumb,223.0
187,Right,index,258.0
187,Right,middle,254.0
187,Right,ring,255.0
187,Right,pinky,241.0
187,Left,thumb,250.0
187,Left,index,270.0
187,Left,middle,269.0
187,Left,ring,259.0
187,Left,pinky,249.0
188,Left,thumb,243.0
188,Left,index,267.0
188,Left,middle,271.0
188,Left,ring,262.0
188,Left,pinky,244.0
188,Right,thumb,225.0
188,Right,index,246.0
188,Right,middle,249.0
188,Right,ring,251.0
188,Right,pinky,245.0
189,Right,thumb,225.0
189,Right,index,231.0
189,Right,middle,254.0
189,Right,ring,252.0
189,Right,pinky,251.0
189,Left,thumb,250.0
189,Left,index,264.0
189,Left,middle,279.0
189,Left,ring,260.0
189,Left,pinky,246.0
190,Right,thumb,218.0
190,Right,index,242.0
190,Right,middle,240.0
190,Right,ring,248.0
190,Right,pinky,237.0
190,Left,thumb,238.0
190,Left,index,260.0
190,Left,middle,261.0
190,Left,ring,253.0
190,Left,pinky,240.0
191,Right,thumb,215.0
191,Right,index,238.0
191,Right,middle,238.0
191,Right,ring,249.0
191,Right,pinky,242.0
191,Left,thumb,240.0
191,Left,index,257.0
191,Left,middle,263.0
191,Left,ring,259.0
191,Left,pinky,251.0
192,Right,thumb,218.0
192,Right,index,234.0
192,Right,middle,261.0
192,Right,ring,249.0
192,Right,pinky,242.0
192,Left,thumb,247.0
192,Left,index,262.0
192,Left,middle,279.0
192,Left,ring,257.0
192,Left,pinky,242.0
194,Right,thumb,221.0
194,Right,index,244.0
194,Right,middle,251.0
194,Right,ring,252.0
194,Right,pinky,240.0
194,Left,thumb,248.0
194,Left,index,264.0
194,Left,middle,276.0
194,Left,ring,258.0
194,Left,pinky,247.0
195,Right,thumb,220.0
195,Right,index,244.0
195,Right,middle,248.0
195,Right,ring,254.0
195,Right,pinky,246.0
195,Left,thumb,248.0
195,Left,index,263.0
195,Left,middle,270.0
195,Left,ring,263.0
195,Left,pinky,254.0
196,Left,thumb,250.0
196,Left,index,262.0
196,Left,middle,273.0
196,Left,ring,265.0
196,Left,pinky,259.0
196,Right,thumb,227.0
196,Right,index,256.0
196,Right,middle,253.0
196,Right,ring,251.0
196,Right,pinky,248.0
197,Right,thumb,222.0
197,Right,index,236.0
197,Right,middle,249.0
197,Right,ring,250.0
197,Right,pinky,252.0
197,Left,thumb,253.0
197,Left,index,274.0
197,Left,middle,282.0
197,Left,ring,266.0
197,Left,pinky,251.0
198,Right,thumb,221.0
198,Right,index,253.0
198,Right,middle,259.0
198,Right,ring,257.0
198,Right,pinky,254.0
198,Left,thumb,249.0
198,Left,index,272.0
198,Left,middle,270.0
198,Left,ring,276.0
198,Left,pinky,259.0
199,Right,thumb,217.0
199,Right,index,244.0
199,Right,middle,250.0
199,Right,ring,247.0
199,Right,pinky,247.0
199,Left,thumb,246.0
199,Left,index,264.0
199,Left,middle,278.0
199,Left,ring,268.0
199,Left,pinky,243.0
200,Right,thumb,223.0
200,Right,index,234.0
200,Right,middle,254.0
200,Right,ring,255.0
200,Right,pinky,247.0
200,Left,thumb,245.0
200,Left,index,268.0
200,Left,middle,271.0
200,Left,ring,266.0
200,Left,pinky,263.0
201,Right,thumb,216.0
201,Right,index,257.0
201,Right,middle,253.0
201,Right,ring,246.0
201,Right,pinky,242.0
201,Left,thumb,240.0
201,Left,index,264.0
201,Left,middle,275.0
201,Left,ring,267.0
201,Left,pinky,246.0
202,Right,thumb,221.0
202,Right,index,244.0
202,Right,middle,250.0
202,Right,ring,250.0
202,Right,pinky,253.0
202,Left,thumb,241.0
202,Left,index,265.0
202,Left,middle,267.0
202,Left,ring,265.0
202,Left,pinky,254.0
203,Right,thumb,220.0
203,Right,index,249.0
203,Right,middle,241.0
203,Right,ring,243.0
203,Right,pinky,251.0
203,Left,thumb,240.0
203,Left,index,268.0
203,Left,middle,275.0
203,Left,ring,266.0
203,Left,pinky,252.0
204,Left,thumb,242.0
204,Left,index,255.0
204,Left,middle,260.0
204,Left,ring,264.0
204,Left,pinky,243.0
204,Right,thumb,220.0
204,Right,index,261.0
204,Right,middle,248.0
204,Right,ring,243.0
204,Right,pinky,259.0
205,Left,thumb,240.0
205,Left,index,269.0
205,Left,middle,284.0
205,Left,ring,272.0
205,Left,pinky,249.0
205,Right,thumb,220.0
205,Right,index,242.0
205,Right,middle,247.0
205,Right,ring,261.0
205,Right,pinky,255.0
206,Left,thumb,235.0
206,Left,index,259.0
206,Left,middle,258.0
206,Left,ring,259.0
206,Left,pinky,246.0
206,Right,thumb,220.0
206,Right,index,250.0
206,Right,middle,252.0
206,Right,ring,247.0
206,Right,pinky,249.0
207,Right,thumb,225.0
207,Right,index,241.0
207,Right,middle,249.0
207,Right,ring,251.0
207,Right,pinky,253.0
207,Left,thumb,237.0
207,Left,index,265.0
207,Left,middle,279.0
207,Left,ring,265.0
207,Left,pinky,249.0
208,Left,thumb,238.0
208,Left,index,268.0
208,Left,middle,269.0
208,Left,ring,268.0
208,Left,pinky,256.0
208,Right,thumb,226.0
208,Right,index,239.0
208,Right,middle,254.0
208,Right,ring,248.0
208,Right,pinky,249.0
209,Right,thumb,221.0
209,Right,index,257.0
209,Right,middle,255.0
209,Right,ring,246.0
209,Right,pinky,251.0
209,Left,thumb,235.0
209,Left,index,259.0
209,Left,middle,277.0
209,Left,ring,273.0
209,Left,pinky,257.0
210,Left,thumb,236.0
210,Left,index,252.0
210,Left,middle,266.0
210,Left,ring,270.0
210,Left,pinky,253.0
210,Right,thumb,223.0
210,Right,index,239.0
210,Right,middle,245.0
210,Right,ring,245.0
210,Right,pinky,248.0
211,Right,thumb,227.0
211,Right,index,251.0
211,Right,middle,245.0
211,Right,ring,250.0
211,Right,pinky,247.0
211,Left,thumb,236.0
211,Left,index,256.0
211,Left,middle,263.0
211,Left,ring,260.0
211,Left,pinky,250.0
212,Right,thumb,275.0
212,Right,index,243.0
212,Right,middle,254.0
212,Right,ring,271.0
212,Right,pinky,252.0
213,Right,thumb,220.0
213,Right,index,236.0
213,Right,middle,252.0
213,Right,ring,251.0
213,Right,pinky,240.0
213,Left,thumb,234.0
213,Left,index,244.0
213,Left,middle,269.0
213,Left,ring,254.0
213,Left,pinky,249.0
214,Left,thumb,243.0
214,Left,index,263.0
214,Left,middle,263.0
214,Left,ring,274.0
214,Left,pinky,254.0
214,Right,thumb,226.0
214,Right,index,248.0
214,Right,middle,242.0
214,Right,ring,258.0
214,Right,pinky,250.0
214,Left,thumb,205.0
214,Left,index,238.0
214,Left,middle,241.0
214,Left,ring,254.0
214,Left,pinky,251.0
215,Left,thumb,243.0
215,Left,index,271.0
215,Left,middle,273.0
215,Left,ring,260.0
215,Left,pinky,243.0
215,Right,thumb,224.0
215,Right,index,243.0
215,Right,middle,240.0
215,Right,ring,248.0
215,Right,pinky,247.0
216,Right,thumb,223.0
216,Right,index,236.0
216,Right,middle,249.0
216,Right,ring,252.0
216,Right,pinky,247.0
216,Left,thumb,249.0
216,Left,index,265.0
216,Left,middle,265.0
216,Left,ring,256.0
216,Left,pinky,251.0
217,Left,thumb,246.0
217,Left,index,257.0
217,Left,middle,258.0
217,Left,ring,273.0
217,Left,pinky,259.0
217,Right,thumb,225.0
217,Right,index,243.0
217,Right,middle,253.0
217,Right,ring,251.0
217,Right,pinky,251.0
218,Right,thumb,226.0
218,Right,index,235.0
218,Right,middle,241.0
218,Right,ring,238.0
218,Right,pinky,241.0
218,Left,thumb,237.0
218,Left,index,264.0
218,Left,middle,269.0
218,Left,ring,262.0
218,Left,pinky,245.0
219,Left,thumb,237.0
219,Left,index,261.0
219,Left,middle,251.0
219,Left,ring,251.0
219,Left,pinky,244.0
219,Right,thumb,232.0
219,Right,index,232.0
219,Right,middle,247.0
219,Right,ring,242.0
219,Right,pinky,241.0
220,Right,thumb,223.0
220,Right,index,249.0
220,Right,middle,245.0
220,Right,ring,244.0
220,Right,pinky,250.0
220,Left,thumb,242.0
220,Left,index,258.0
220,Left,middle,272.0
220,Left,ring,261.0
220,Left,pinky,243.0
221,Left,thumb,223.0
221,Left,index,233.0
221,Left,middle,245.0
221,Left,ring,246.0
221,Left,pinky,237.0
222,Left,thumb,224.0
222,Left,index,252.0
222,Left,middle,252.0
222,Left,ring,272.0
222,Left,pinky,251.0
222,Right,thumb,216.0
222,Right,index,250.0
222,Right,middle,253.0
222,Right,ring,244.0
222,Right,pinky,249.0
223,Right,thumb,223.0
223,Right,index,247.0
223,Right,middle,245.0
223,Right,ring,240.0
223,Right,pinky,237.0
223,Left,thumb,229.0
223,Left,index,251.0
223,Left,middle,273.0
223,Left,ring,255.0
223,Left,pinky,241.0
225,Right,thumb,222.0
225,Right,index,247.0
225,Right,middle,245.0
225,Right,ring,250.0
225,Right,pinky,250.0
225,Left,thumb,248.0
225,Left,index,261.0
225,Left,middle,264.0
225,Left,ring,269.0
225,Left,pinky,258.0
226,Right,thumb,218.0
226,Right,index,241.0
226,Right,middle,241.0
226,Right,ring,248.0
226,Right,pinky,243.0
226,Left,thumb,236.0
226,Left,index,257.0
226,Left,middle,278.0
226,Left,ring,257.0
226,Left,pinky,243.0
227,Right,thumb,218.0
227,Right,index,252.0
227,Right,middle,241.0
227,Right,ring,240.0
227,Right,pinky,237.0
227,Left,thumb,237.0
227,Left,index,264.0
227,Left,middle,266.0
227,Left,ring,254.0
227,Left,pinky,243.0
228,Right,thumb,219.0
228,Right,index,239.0
228,Right,middle,248.0
228,Right,ring,252.0
228,Right,pinky,245.0
228,Left,thumb,246.0
228,Left,index,269.0
228,Left,middle,267.0
228,Left,ring,255.0
228,Left,pinky,255.0
229,Right,thumb,217.0
229,Right,index,227.0
229,Right,middle,237.0
229,Right,ring,240.0
229,Right,pinky,237.0
229,Left,thumb,240.0
229,Left,index,262.0
229,Left,middle,275.0
229,Left,ring,247.0
229,Left,pinky,237.0
230,Right,thumb,219.0
230,Right,index,260.0
230,Right,middle,241.0
230,Right,ring,244.0
230,Right,pinky,243.0
230,Left,thumb,250.0
230,Left,index,263.0
230,Left,middle,267.0
230,Left,ring,262.0
230,Left,pinky,250.0
231,Left,thumb,246.0
231,Left,index,270.0
231,Left,middle,271.0
231,Left,ring,258.0
231,Left,pinky,246.0
231,Right,thumb,219.0
231,Right,index,246.0
231,Right,middle,243.0
231,Right,ring,246.0
231,Right,pinky,243.0
232,Right,thumb,215.0
232,Right,index,231.0
232,Right,middle,235.0
232,Right,ring,239.0
232,Right,pinky,236.0
232,Left,thumb,242.0
232,Left,index,261.0
232,Left,middle,258.0
232,Left,ring,246.0
232,Left,pinky,236.0
233,Left,thumb,249.0
233,Left,index,273.0
233,Left,middle,275.0
233,Left,ring,260.0
233,Left,pinky,251.0
233,Right,thumb,222.0
233,Right,index,249.0
233,Right,middle,247.0
233,Right,ring,243.0
233,Right,pinky,244.0
234,Left,thumb,247.0
234,Left,index,271.0
234,Left,middle,276.0
234,Left,ring,260.0
234,Left,pinky,247.0
234,Right,thumb,222.0
234,Right,index,231.0
234,Right,middle,240.0
234,Right,ring,240.0
234,Right,pinky,233.0
235,Left,thumb,241.0
235,Left,index,259.0
235,Left,middle,262.0
235,Left,ring,264.0
235,Left,pinky,259.0
235,Right,thumb,221.0
235,Right,index,244.0
235,Right,middle,248.0
235,Right,ring,244.0
235,Right,pinky,235.0
236,Left,thumb,243.0
236,Left,index,260.0
236,Left,middle,269.0
236,Left,ring,252.0
236,Left,pinky,242.0
236,Right,thumb,221.0
236,Right,index,241.0
236,Right,middle,244.0
236,Right,ring,244.0
236,Right,pinky,244.0
237,Right,thumb,220.0
237,Right,index,238.0
237,Right,middle,248.0
237,Right,ring,241.0
237,Right,pinky,241.0
237,Left,thumb,235.0
237,Left,index,265.0
237,Left,middle,270.0
237,Left,ring,260.0
237,Left,pinky,238.0
238,Left,thumb,239.0
238,Left,index,262.0
238,Left,middle,270.0
238,Left,ring,261.0
238,Left,pinky,249.0
238,Right,thumb,220.0
238,Right,index,238.0
238,Right,middle,251.0
238,Right,ring,246.0
238,Right,pinky,249.0
239,Left,thumb,239.0
239,Left,index,254.0
239,Left,middle,260.0
239,Left,ring,254.0
239,Left,pinky,237.0
239,Right,thumb,216.0
239,Right,index,225.0
239,Right,middle,239.0
239,Right,ring,242.0
239,Right,pinky,235.0
240,Left,thumb,244.0
240,Left,index,255.0
240,Left,middle,260.0
240,Left,ring,258.0
240,Left,pinky,252.0
240,Right,thumb,221.0
240,Right,index,245.0
240,Right,middle,243.0
240,Right,ring,244.0
240,Right,pinky,228.0
241,Left,thumb,245.0
241,Left,index,268.0
241,Left,middle,275.0
241,Left,ring,260.0
241,Left,pinky,248.0
241,Right,thumb,220.0
241,Right,index,237.0
241,Right,middle,246.0
241,Right,ring,246.0
241,Right,pinky,242.0
242,Left,thumb,238.0
242,Left,index,263.0
242,Left,middle,266.0
242,Left,ring,258.0
242,Left,pinky,242.0
242,Right,thumb,219.0
242,Right,index,237.0
242,Right,middle,245.0
242,Right,ring,247.0
242,Right,pinky,230.0
243,Left,thumb,244.0
243,Left,index,265.0
243,Left,middle,272.0
243,Left,ring,254.0
243,Left,pinky,250.0
243,Right,thumb,220.0
243,Right,index,238.0
243,Right,middle,248.0
243,Right,ring,249.0
243,Right,pinky,233.0
244,Right,thumb,220.0
244,Right,index,236.0
244,Right,middle,248.0
244,Right,ring,248.0
244,Right,pinky,242.0
244,Left,thumb,243.0
244,Left,index,261.0
244,Left,middle,267.0
244,Left,ring,258.0
244,Left,pinky,247.0
245,Right,thumb,222.0
245,Right,index,248.0
245,Right,middle,250.0
245,Right,ring,250.0
245,Right,pinky,233.0
245,Left,thumb,246.0
245,Left,index,254.0
245,Left,middle,263.0
245,Left,ring,258.0
245,Left,pinky,251.0
246,Left,thumb,246.0
246,Left,index,266.0
246,Left,middle,268.0
246,Left,ring,258.0
246,Left,pinky,245.0
246,Right,thumb,225.0
246,Right,index,240.0
246,Right,middle,243.0
246,Right,ring,241.0
246,Right,pinky,238.0
247,Right,thumb,220.0
247,Right,index,253.0
247,Right,middle,248.0
247,Right,ring,253.0
247,Right,pinky,238.0
247,Left,thumb,243.0
247,Left,index,268.0
247,Left,middle,270.0
247,Left,ring,266.0
247,Left,pinky,248.0
248,Left,thumb,246.0
248,Left,index,265.0
248,Left,middle,271.0
248,Left,ring,264.0
248,Left,pinky,254.0
248,Right,thumb,223.0
248,Right,index,238.0
248,Right,middle,248.0
248,Right,ring,254.0
248,Right,pinky,241.0
249,Right,thumb,233.0
249,Right,index,228.0
249,Right,middle,244.0
249,Right,ring,245.0
249,Right,pinky,231.0
249,Left,thumb,243.0
249,Left,index,264.0
249,Left,middle,281.0
249,Left,ring,263.0
249,Left,pinky,244.0
250,Right,thumb,219.0
250,Right,index,248.0
250,Right,middle,246.0
250,Right,ring,249.0
250,Right,pinky,233.0
250,Left,thumb,245.0
250,Left,index,266.0
250,Left,middle,270.0
250,Left,ring,259.0
250,Left,pinky,256.0
251,Right,thumb,229.0
251,Right,index,233.0
251,Right,middle,253.0
251,Right,ring,252.0
251,Right,pinky,250.0
251,Left,thumb,245.0
251,Left,index,271.0
251,Left,middle,281.0
251,Left,ring,269.0
251,Left,pinky,250.0
252,Right,thumb,218.0
252,Right,index,245.0
252,Right,middle,240.0
252,Right,ring,242.0
252,Right,pinky,243.0
252,Left,thumb,244.0
252,Left,index,263.0
252,Left,middle,266.0
252,Left,ring,255.0
252,Left,pinky,251.0
253,Right,thumb,225.0
253,Right,index,239.0
253,Right,middle,242.0
253,Right,ring,247.0
253,Right,pinky,248.0
253,Left,thumb,244.0
253,Left,index,266.0
253,Left,middle,275.0
253,Left,ring,262.0
253,Left,pinky,247.0
254,Right,thumb,221.0
254,Right,index,249.0
254,Right,middle,253.0
254,Right,ring,256.0
254,Right,pinky,245.0
254,Left,thumb,239.0
254,Left,index,262.0
254,Left,middle,267.0
254,Left,ring,264.0
254,Left,pinky,245.0
255,Left,thumb,245.0
255,Left,index,267.0
255,Left,middle,282.0
255,Left,ring,263.0
255,Left,pinky,249.0
255,Right,thumb,217.0
255,Right,index,242.0
255,Right,middle,244.0
255,Right,ring,253.0
255,Right,pinky,250.0
256,Left,thumb,248.0
256,Left,index,265.0
256,Left,middle,272.0
256,Left,ring,255.0
256,Left,pinky,241.0
257,Left,thumb,249.0
257,Left,index,260.0
257,Left,middle,267.0
257,Left,ring,259.0
257,Left,pinky,239.0
258,Left,thumb,245.0
258,Left,index,259.0
258,Left,middle,259.0
258,Left,ring,248.0
258,Left,pinky,242.0
259,Left,thumb,254.0
259,Left,index,260.0
259,Left,middle,257.0
259,Left,ring,268.0
259,Left,pinky,248.0
260,Left,thumb,254.0
260,Left,index,259.0
260,Left,middle,254.0
260,Left,ring,246.0
260,Left,pinky,234.0
261,Left,thumb,256.0
261,Left,index,253.0
261,Left,middle,257.0
261,Left,ring,250.0
261,Left,pinky,251.0
262,Left,thumb,251.0
262,Left,index,259.0
262,Left,middle,270.0
262,Left,ring,256.0
262,Left,pinky,238.0
