frame_id,handedness,finger,depth_mm,dist_to_surface_mm
8,Left,thumb,255.2,6.96
8,Left,index,315.1,-52.94
8,Left,middle,230.2,31.96
8,Left,ring,235.7,26.46
8,Left,pinky,223.3,38.86
10,Left,thumb,321.7,-59.54
10,Left,index,249.4,12.76
10,Left,middle,249.0,13.16
10,Left,ring,242.1,20.06
10,Left,pinky,236.7,25.46
16,Left,thumb,265.3,-3.14
16,Left,index,230.6,31.56
16,Left,middle,342.9,-80.74
16,Left,ring,234.7,27.46
16,Left,pinky,221.5,40.66
17,Left,thumb,274.9,-12.74
17,Left,index,222.8,39.36
17,Left,middle,219.5,42.66
17,Left,ring,221.4,40.76
17,Left,pinky,231.3,30.86
18,Left,thumb,275.3,-13.14
18,Left,index,249.1,13.06
18,Left,middle,226.1,36.06
18,Left,ring,227.5,34.66
18,Left,pinky,225.7,36.46
19,Left,thumb,273.1,-10.94
19,Left,index,231.4,30.76
19,Left,middle,237.1,25.06
19,Left,ring,237.5,24.66
19,Left,pinky,238.9,23.26
19,Right,thumb,282.3,-20.14
19,Right,index,303.1,-40.94
19,Right,middle,254.3,7.86
19,Right,ring,245.8,16.36
19,Right,pinky,222.9,39.26
22,Right,thumb,269.5,-7.34
22,Right,index,303.3,-41.14
22,Right,middle,251.8,10.36
22,Right,ring,248.5,13.66
22,Right,pinky,238.1,24.06
31,Left,thumb,264.9,-2.74
31,Left,index,233.4,28.76
31,Left,middle,271.1,-8.94
31,Left,ring,244.1,18.06
31,Left,pinky,252.8,9.36
32,Left,thumb,272.5,-10.34
32,Left,index,274.4,-12.24
32,Left,middle,239.0,23.16
32,Left,ring,248.6,13.56
32,Left,pinky,262.8,-0.64
32,Right,thumb,293.5,-31.34
32,Right,index,276.3,-14.14
32,Right,middle,251.5,10.66
32,Right,ring,253.7,8.46
32,Right,pinky,245.7,16.46
35,Right,thumb,238.5,23.66
35,Right,index,253.6,8.56
35,Right,middle,226.7,35.46
35,Right,ring,220.3,41.86
35,Right,pinky,217.3,44.86
35,Left,thumb,242.8,19.36
35,Left,index,274.2,-12.04
35,Left,middle,241.1,21.06
35,Left,ring,246.2,15.96
35,Left,pinky,260.2,1.96
48,Left,thumb,274.8,-12.64
48,Left,index,254.7,7.46
48,Left,middle,276.2,-14.04
48,Left,ring,240.9,21.26
48,Left,pinky,237.6,24.56
65,Left,thumb,260.9,1.26
65,Left,index,232.6,29.56
65,Left,middle,307.2,-45.04
65,Left,ring,235.7,26.46
65,Left,pinky,224.9,37.26
65,Right,thumb,272.5,-10.34
65,Right,index,291.5,-29.34
65,Right,middle,225.5,36.66
65,Right,ring,216.7,45.46
65,Right,pinky,213.0,49.16
70,Right,thumb,216.6,45.56
70,Right,index,257.7,4.46
70,Right,middle,226.5,35.66
70,Right,ring,227.1,35.06
70,Right,pinky,236.6,25.56
71,Left,thumb,270.4,-8.24
71,Left,index,247.0,15.16
71,Left,middle,225.2,36.96
71,Left,ring,231.4,30.76
71,Left,pinky,234.2,27.96
73,Right,thumb,275.8,-13.64
73,Right,index,269.7,-7.54
73,Right,middle,283.0,-20.84
73,Right,ring,241.2,20.96
73,Right,pinky,243.4,18.76
73,Left,thumb,270.9,-8.74
73,Left,index,229.9,32.26
73,Left,middle,269.8,-7.64
73,Left,ring,242.3,19.86
73,Left,pinky,242.3,19.86
76,Left,thumb,273.3,-11.14
76,Left,index,262.9,-0.74
76,Left,middle,302.5,-40.34
76,Left,ring,249.7,12.46
76,Left,pinky,256.1,6.06
76,Right,thumb,297.9,-35.74
76,Right,index,269.6,-7.44
76,Right,middle,282.0,-19.84
76,Right,ring,244.2,17.96
76,Right,pinky,250.9,11.26
79,Right,thumb,275.0,-12.84
79,Right,index,273.5,-11.34
79,Right,middle,260.9,1.26
79,Right,ring,243.0,19.16
79,Right,pinky,226.2,35.96
79,Left,thumb,269.4,-7.24
79,Left,index,246.3,15.86
79,Left,middle,235.7,26.46
79,Left,ring,238.6,23.56
79,Left,pinky,231.7,30.46
80,Left,thumb,264.8,-2.64
80,Left,index,237.7,24.46
80,Left,middle,264.0,-1.84
80,Left,ring,241.0,21.16
80,Left,pinky,231.9,30.26
80,Right,thumb,263.7,-1.54
80,Right,index,225.2,36.96
80,Right,middle,221.0,41.16
80,Right,ring,216.0,46.16
80,Right,pinky,220.6,41.56
84,Left,thumb,269.1,-6.94
84,Left,index,232.8,29.36
84,Left,middle,304.1,-41.94
84,Left,ring,241.2,20.96
84,Left,pinky,229.2,32.96
89,Left,thumb,240.1,22.06
89,Left,index,231.8,30.36
89,Left,middle,216.8,45.36
89,Left,ring,211.5,50.66
89,Left,pinky,212.9,49.26
94,Left,thumb,273.3,-11.14
94,Left,index,241.8,20.36
94,Left,middle,277.8,-15.64
94,Left,ring,243.2,18.96
94,Left,pinky,253.8,8.36
94,Right,thumb,302.1,-39.94
94,Right,index,275.9,-13.74
94,Right,middle,260.2,1.96
94,Right,ring,241.3,20.86
94,Right,pinky,237.2,24.96
99,Left,thumb,267.5,-5.34
99,Left,index,227.4,34.76
99,Left,middle,265.2,-3.04
99,Left,ring,245.5,16.66
99,Left,pinky,250.6,11.56
99,Right,thumb,269.2,-7.04
99,Right,index,299.8,-37.64
99,Right,middle,246.3,15.86
99,Right,ring,239.7,22.46
99,Right,pinky,237.3,24.86
102,Left,thumb,294.6,-32.44
102,Left,index,221.8,40.36
102,Left,middle,252.5,9.66
102,Left,ring,244.5,17.66
102,Left,pinky,247.5,14.66
103,Left,thumb,274.2,-12.04
103,Left,index,249.1,13.06
103,Left,middle,278.6,-16.44
103,Left,ring,242.9,19.26
103,Left,pinky,253.2,8.96
105,Left,thumb,272.4,-10.24
105,Left,index,230.0,32.16
105,Left,middle,235.5,26.66
105,Left,ring,251.5,10.66
105,Left,pinky,248.4,13.76
106,Left,thumb,273.2,-11.04
106,Left,index,252.9,9.26
106,Left,middle,276.3,-14.14
106,Left,ring,247.8,14.36
106,Left,pinky,252.7,9.46
106,Right,thumb,280.3,-18.14
106,Right,index,268.3,-6.14
106,Right,middle,266.3,-4.14
106,Right,ring,241.1,21.06
106,Right,pinky,242.6,19.56
108,Left,thumb,268.0,-5.84
108,Left,index,252.7,9.46
108,Left,middle,305.5,-43.34
108,Left,ring,256.3,5.86
108,Left,pinky,252.9,9.26
109,Right,thumb,269.1,-6.94
109,Right,index,268.1,-5.94
109,Right,middle,268.5,-6.34
109,Right,ring,244.3,17.86
109,Right,pinky,243.8,18.36
109,Left,thumb,267.0,-4.84
109,Left,index,252.6,9.56
109,Left,middle,277.5,-15.34
109,Left,ring,246.2,15.96
109,Left,pinky,254.7,7.46
117,Left,thumb,263.0,-0.84
117,Left,index,245.7,16.46
117,Left,middle,308.5,-46.34
117,Left,ring,256.5,5.66
117,Left,pinky,251.6,10.56
117,Right,thumb,266.7,-4.54
117,Right,index,255.9,6.26
117,Right,middle,266.2,-4.04
117,Right,ring,246.3,15.86
117,Right,pinky,245.4,16.76
118,Left,thumb,258.7,3.46
118,Left,index,253.2,8.96
118,Left,middle,282.0,-19.84
118,Left,ring,248.3,13.86
118,Left,pinky,254.0,8.16
128,Right,thumb,228.4,33.76
128,Right,index,237.1,25.06
128,Right,middle,236.8,25.36
128,Right,ring,234.7,27.46
128,Right,pinky,239.3,22.86
130,Right,thumb,237.7,24.46
130,Right,index,233.0,29.16
130,Right,middle,239.1,23.06
130,Right,ring,236.6,25.56
130,Right,pinky,238.8,23.36
138,Right,thumb,268.0,-5.84
138,Right,index,281.0,-18.84
138,Right,middle,266.1,-3.94
138,Right,ring,243.9,18.26
138,Right,pinky,247.7,14.46
140,Right,thumb,259.7,2.46
140,Right,index,278.3,-16.14
140,Right,middle,283.5,-21.34
140,Right,ring,242.9,19.26
140,Right,pinky,242.5,19.66
147,Left,thumb,271.7,-9.54
147,Left,index,240.7,21.46
147,Left,middle,280.4,-18.24
147,Left,ring,251.3,10.86
147,Left,pinky,260.2,1.96
151,Right,thumb,226.3,35.86
151,Right,index,254.7,7.46
151,Right,middle,245.6,16.56
151,Right,ring,232.4,29.76
151,Right,pinky,237.6,24.56
152,Right,thumb,218.5,43.66
152,Right,index,239.7,22.46
152,Right,middle,254.5,7.66
152,Right,ring,237.2,24.96
152,Right,pinky,239.8,22.36
158,Right,thumb,276.8,-14.64
158,Right,index,279.2,-17.04
158,Right,middle,269.7,-7.54
158,Right,ring,242.7,19.46
158,Right,pinky,243.3,18.86
158,Left,thumb,272.4,-10.24
158,Left,index,247.4,14.76
158,Left,middle,290.2,-28.04
158,Left,ring,261.3,0.86
158,Left,pinky,252.9,9.26
174,Left,thumb,267.0,-4.84
174,Left,index,235.6,26.56
174,Left,middle,282.8,-20.64
174,Left,ring,244.1,18.06
174,Left,pinky,248.7,13.46
178,Left,thumb,226.0,36.16
178,Left,index,231.8,30.36
178,Left,middle,256.0,6.16
178,Left,ring,240.7,21.46
178,Left,pinky,249.7,12.46
178,Right,thumb,240.2,21.96
178,Right,index,250.7,11.46
178,Right,middle,274.5,-12.34
178,Right,ring,244.3,17.86
178,Right,pinky,241.6,20.56
187,Right,thumb,251.0,11.16
187,Right,index,279.0,-16.84
187,Right,middle,258.5,3.66
187,Right,ring,245.7,16.46
187,Right,pinky,250.9,11.26
192,Right,thumb,280.9,-18.74
192,Right,index,281.9,-19.74
192,Right,middle,274.6,-12.44
192,Right,ring,244.7,17.46
192,Right,pinky,245.6,16.56
192,Left,thumb,270.8,-8.64
192,Left,index,250.3,11.86
192,Left,middle,271.3,-9.14
192,Left,ring,252.7,9.46
192,Left,pinky,255.1,7.06
197,Right,thumb,244.6,17.56
197,Right,index,256.5,5.66
197,Right,middle,238.1,24.06
197,Right,ring,242.8,19.36
197,Right,pinky,247.9,14.26
198,Left,thumb,229.1,33.06
198,Left,index,262.4,-0.24
198,Left,middle,255.5,6.66
198,Left,ring,241.2,20.96
198,Left,pinky,247.1,15.06
200,Left,thumb,241.3,20.86
200,Left,index,236.4,25.76
200,Left,middle,215.1,47.06
200,Left,ring,214.1,48.06
200,Left,pinky,234.2,27.96
201,Right,thumb,252.7,9.46
201,Right,index,299.8,-37.64
201,Right,middle,245.6,16.56
201,Right,ring,235.5,26.66
201,Right,pinky,239.2,22.96
211,Left,thumb,270.9,-8.74
211,Left,index,259.6,2.56
211,Left,middle,312.9,-50.74
211,Left,ring,254.1,8.06
211,Left,pinky,256.0,6.16
211,Right,thumb,274.6,-12.44
211,Right,index,270.0,-7.84
211,Right,middle,251.1,11.06
211,Right,ring,243.0,19.16
211,Right,pinky,240.7,21.46
213,Left,thumb,266.9,-4.74
213,Left,index,259.2,2.96
213,Left,middle,275.7,-13.54
213,Left,ring,249.9,12.26
213,Left,pinky,256.5,5.66
216,Right,thumb,273.2,-11.04
216,Right,index,262.6,-0.44
216,Right,middle,263.6,-1.44
216,Right,ring,306.0,-43.84
216,Right,pinky,253.0,9.16
220,Right,thumb,274.8,-12.64
220,Right,index,274.9,-12.74
220,Right,middle,266.4,-4.24
220,Right,ring,243.6,18.56
220,Right,pinky,244.8,17.36
220,Left,thumb,273.3,-11.14
220,Left,index,258.0,4.16
220,Left,middle,262.6,-0.44
220,Left,ring,255.4,6.76
220,Left,pinky,253.0,9.16
223,Right,thumb,302.0,-39.84
223,Right,index,281.0,-18.84
223,Right,middle,310.5,-48.34
223,Right,ring,246.6,15.56
223,Right,pinky,244.4,17.76
223,Left,thumb,253.2,8.96
223,Left,index,230.8,31.36
223,Left,middle,266.7,-4.54
223,Left,ring,237.4,24.76
223,Left,pinky,254.3,7.86
226,Left,thumb,301.2,-39.04
226,Left,index,220.8,41.36
226,Left,middle,319.3,-57.14
226,Left,ring,242.2,19.96
226,Left,pinky,249.2,12.96
232,Left,thumb,256.9,5.26
232,Left,index,250.4,11.76
232,Left,middle,228.3,33.86
232,Left,ring,220.3,41.86
232,Left,pinky,217.6,44.56
244,Left,thumb,268.8,-6.64
244,Left,index,234.3,27.86
244,Left,middle,282.8,-20.64
244,Left,ring,244.3,17.86
244,Left,pinky,248.3,13.86
248,Left,thumb,267.2,-5.04
248,Left,index,246.6,15.56
248,Left,middle,242.0,20.16
248,Left,ring,249.9,12.26
248,Left,pinky,259.9,2.26
251,Left,thumb,268.1,-5.94
251,Left,index,225.7,36.46
251,Left,middle,280.1,-17.94
251,Left,ring,239.8,22.36
251,Left,pinky,230.7,31.46
255,Left,thumb,281.3,-19.14
255,Left,index,220.7,41.46
255,Left,middle,217.6,44.56
255,Left,ring,214.3,47.86
255,Left,pinky,208.5,53.66
256,Left,thumb,265.3,-3.14
256,Left,index,241.7,20.46
256,Left,middle,265.0,-2.84
256,Left,ring,241.7,20.46
256,Left,pinky,244.6,17.56
257,Left,thumb,260.7,1.46
257,Left,index,230.0,32.16
257,Left,middle,240.5,21.66
257,Left,ring,252.1,10.06
257,Left,pinky,249.9,12.26
258,Left,thumb,265.0,-2.84
258,Left,index,240.2,21.96
258,Left,middle,274.1,-11.94
258,Left,ring,244.9,17.26
258,Left,pinky,233.4,28.76
259,Left,thumb,263.1,-0.94
259,Left,index,227.1,35.06
259,Left,middle,225.4,36.76
259,Left,ring,276.0,-13.84
259,Left,pinky,277.5,-15.34
260,Left,thumb,266.9,-4.74
260,Left,index,228.9,33.26
260,Left,middle,284.3,-22.14
260,Left,ring,251.0,11.16
260,Left,pinky,243.1,19.06
261,Left,thumb,257.4,4.76
261,Left,index,244.5,17.66
261,Left,middle,221.1,41.06
261,Left,ring,219.4,42.76
261,Left,pinky,283.3,-21.14
262,Left,thumb,258.9,3.26
262,Left,index,218.0,44.16
262,Left,middle,267.2,-5.04
262,Left,ring,287.4,-25.24
262,Left,pinky,255.5,6.66
