depth_mm,velocity,label
-13.321395491380727,0.0,0
18.646816277998525,0.0,0
32.33747373465906,0.0,0
34.41443463770449,4.127574872888462,0
35.13571728220516,2.2949504602242774,0
21.942110387555502,20.656737096507342,0
17.803664989054337,37.98681845804779,1
5.867144203154318,39.99901082534698,0
0.9454278376834213,13.780733340215921,0
3.563173266055597,7.161123861006537,0
5.681516399759278,13.10582960513789,0
2.2577984646288685,4.499626212772826,0
0.7211331917748032,1.5631378966909661,0
4.721694129348808,1.5672211799875202,0
6.494067895271682,0.48224079007504106,0
0.827396917720491,16.28421046481424,0
11.80514510568087,45.321388098269985,0
16.747052038032674,43.847246853748985,0
33.93543803437832,26.40905756545541,0
46.13431809611263,0.0,0
41.50428301676811,12.411869276231489,0
16.113076683972494,0.0,0
43.808079351820126,13.08973011235455,0
36.4557474267277,0.0,0
44.982102975703874,0.5865941985640124,0
46.59734749879241,4.289581216118532,0
40.96212720220643,0.589669948739884,0
42.24638208680603,64.13353347680201,0
39.153686837384846,0.21398371909726208,0
40.164743639256756,23.273243009163696,0
38.894474557690074,0.21342835323098158,0
23.29391947928361,40.41671247383101,0
38.887634821312574,10.398187124484245,0
14.06623220473502,19.709338937417304,0
38.68571341707522,10.289165066658581,0
-1.9847497632437539,19.502692080266126,0
38.617751523057464,3.742817770209008,0
-9.03876007714427,1.934408262805977,0
36.771578663660435,3.7431976815815817,0
-10.615887608826979,1.934604613188284,0
35.8131294809374,3.8386742616076375,0
-13.316643610374157,5.896487927952088,0
38.416311626731925,4.723455972527078,0
-2.1946778506735654,2.706945115708447,0
39.39978787239667,3.4532309123785647,0
2.818214444826661,0.99249941424562,0
39.28164711886034,3.399356749039189,0
-4.52124439132584,9.48399800616316,0
39.22789637660501,1.2290218582456798,0
-8.441334226959418,1.6972049837487002,0
39.06885498919832,1.2244327451224668,0
-5.7533400263401475,15.33233356258591,0
38.98327279173286,0.43757331639562136,0
-5.231195849478675,4.659962768895613,0
37.187143448756785,0.45030867611064573,0
-7.467935918282098,4.795588731211547,0
36.48989205198483,0.1611239006775851,0
-7.7659872046978435,8.654907639386753,0
35.05666899145099,0.1611282167262108,0
-10.074845916274722,8.655139479609856,0
34.65077060852639,0.05736174956118714,0
-10.73506267057417,8.209169414102796,0
33.25953436862239,8.503712821226568,0
-7.240488009826573,8.780477245995415,0
32.74594024842109,2.0702486556406865,0
-5.18572334615558,1.9674671481302397,0
34.05790222618887,2.0432929838534846,0
-5.5047817613738665,1.9418497429198511,0
34.31741672106497,24.760876748580593,0
-5.196119385221576,5.788080350320915,0
30.226098285151608,51.02632243566759,0
-2.0249755223811783,14.505058699652404,0
28.047060118236047,44.69484713167342,0
-2.989594728988021,10.4106934251912,0
28.404751821038687,43.17826464399058,0
3.2472495265693513,10.057438489857223,0
27.9766621176179,10.653055709233039,0
6.371007565970144,1.4519632373407212,0
27.475271170239736,2.109197125250255,0
1.2011336319217025,27.121774547431492,0
26.87497958645246,16.135563692110505,0
-1.3437479321119494,4.623149899161243,0
20.6972375524464,24.856323077123406,0
-2.4376502583305926,21.86552711395837,0
17.195486940150108,24.213240593297776,0
-3.150500940103884,2.684123273664056,0
16.80039471150796,15.65812545468731,0
-5.049791110644408,5.830957502374158,0
16.800795358834108,5.6248221453300635,0
-5.397569179443062,3.0004528942264317,0
15.564202359263868,11.503396392384937,0
-6.010114429058355,3.0386448948156235,0
16.02020753518435,19.622163023953437,0
-6.632364712431283,4.066261755417146,0
22.687495312129265,61.874307770490425,0
-6.727274619046931,12.977259751426782,0
26.3844310926441,27.686612378246497,0
-7.632461048726558,5.588347228015877,0
27.023262308570995,10.620535629159436,0
-10.339459517639039,3.0416864971583766,0
26.798974822047352,1.3612912181516341,0
-11.558473037759365,1.0692946747325225,0
25.691440759249502,1.4101706001951182,0
-7.019070465550891,34.07794874180576,0
24.85909080933596,5.654688657829599,0
-5.478567824349911,17.149169535092657,0
25.64468605344655,31.090399263168205,0
3.1770866631924966,16.954584064979734,0
25.92059723356605,16.511896030568867,0
6.028586826792193,11.35448089824704,0
29.230196048765364,16.673842161724796,0
3.105876470251012,14.630849144024943,0
30.71933817585642,5.858746702955523,0
1.7905360330491837,5.140893043881658,0
28.739017137367206,14.06637665200243,0
-2.283033797256584,13.362671804717646,0
27.97993259027337,5.166777977600072,0
-2.3862892512682143,20.19426521278633,0
29.723803663175232,3.4043346722720593,0
-5.680674550413323,46.75459176960977,1
30.28615800012957,1.2728395857566865,0
-6.500745741918223,22.898434309933574,0
29.455924666020927,9.407837379984795,0
-7.955841308216971,12.665627677247,0
29.082257633491928,3.4992212475760973,0
-7.646895574835611,9.822415452862906,0
24.85222609061916,4.948930038761796,0
-7.3623662507428245,9.683566149920047,0
23.037120301708622,3.2934297405012702,0
-8.227026728352127,1.5702120352342919,0
19.791379638590623,5.20833150879417,0
-9.478082047179148,10.081977763177221,0
18.65739750534362,3.223080375338077,0
22.92718152015455,5.282217659878576,0
10.852481186433561,24.57642949435521,0
24.848252011133773,1.9105129664478302,0
20.642636801073422,7.049457806453872,0
22.952097026316842,6.66189095439829,0
28.71186634074002,15.645893019855734,0
15.895256250660294,8.073328282628989,0
31.969809093373378,15.291787568483738,0
19.182332302893514,34.45725675257633,0
17.542903527918874,15.322598016183866,0
20.135010920303454,16.997784651484384,0
10.496091257249207,10.374417088779607,0
18.334913663699382,26.46722686049306,0
7.891607833733271,19.578785802445147,0
16.935932948613896,9.34176282103073,0
6.71984722939828,6.910447182632807,0
9.021843117297202,33.32682617453447,1
7.117804527686955,6.824969690736046,0
5.4870258280289015,23.57552913953017,0
6.685344786151903,2.608005847660701,0
3.0537614393882917,13.062595324452088,0
5.689835029234869,10.45748821041821,0
1.7236949088078601,0.1737855899297808,0
5.452056735079869,1.1536581624942233,0
0.3187413335236089,8.87365850295323,0
7.018106225205045,1.1831778151800552,0
-0.44250745519630597,8.298043050384468,0
8.096715281387223,5.5669019363721794,0
-6.060161115540918,8.201779158961441,0
6.5510211006246095,5.5023214515136765,0
-8.302121049679922,7.232916769099867,0
5.36151375023719,3.11113698269878,0
-8.018102348058553,7.249958450594404,0
4.241187391844592,3.118467221278675,0
-12.590515218948717,33.43188293623756,0
4.020735652946749,1.1325357586187774,0
12.914999966354756,16.262154249770145,0
3.4586962893825013,1.1328152195602499,0
24.05792308145088,11.022756888151903,0
3.2331541453765045,4.75204144743521,0
32.69755969611871,6.178528075619796,0
6.178548892389557,3.84859091364273,0
36.54383123151711,2.221655202729139,0
7.503952768517785,1.3838639109219368,0
38.52917909451165,2.1759481757348236,0
8.6260668299597,7.058329854006849,0
39.91163224023269,26.616552770157597,0
8.931482230650268,7.761883170518142,0
17.686813408551107,80.82658712699053,0
11.032528786412588,8.01773671090414,0
6.206281980262518,17.980499252068228,0
11.689821850503323,2.8158291129779722,0
2.3455726652450437,9.03911973276808,0
12.385916450338208,2.734194206155957,0
0.6083800177547061,3.2819692679035013,0
12.69914711386816,0.9927450484534942,0
-0.33287399636589,3.2928198275219906,1
12.636443219956883,7.5243051626781225,0
-0.7523935598302001,1.2401877672532284,0
12.334760309742288,2.833908840635306,0
0.4060494286797778,1.1749431145963887,0
13.889367581169154,5.760242636273385,0
0.747727940280718,4.6695140164437134,0
14.219340523640655,2.0850539013356957,0
1.0460464890424959,4.680410812545398,0
13.021141356146904,6.421249239925029,0
1.3119142027935848,3.4574327369146944,0
12.700272158943038,2.8241961533712456,0
0.5958940479605102,3.421666614722359,0
11.446954077864502,2.794980676917086,0
-5.476086795693725,49.714929739176654,0
10.672601893798095,4.090588290207962,0
19.41198746813416,49.73904450451534,0
6.703649126929834,12.587322374380589,0
30.59044063083538,18.239763503839438,0
4.917706634717078,4.615886483996695,0
39.29121667901376,27.015105799321503,0
4.1957124683345555,4.636874525955036,0
42.85382283176587,19.664316906445702,0
3.8707895475768583,1.628528293743566,0
37.058133174949106,53.6305552901666,0
1.0243474661036367,1.6299057773055587,0
34.743929931275396,24.63659372932207,0
-0.25630528801795505,0.5924692164661188,0
30.148098156422275,58.50591271831625,0
-1.1572039964358738,0.588343552019593,0
28.537826301674947,4.5524079826471935,0
-1.5627308154893549,0.2157794798375903,0
11.003410157182481,64.63016580028243,0
0.0970705382578596,8.802392730859133,0
3.445452431057261,28.28105605237404,1
0.7443432787780924,1.974616864324618,0
3.7021861710569426,35.919149743419204,0
2.003167808011297,2.507917621753219,0
3.7816735619267683,9.135223978048906,0
2.3894342719181227,0.6378321691041023,0
5.295771210227784,1.6630873488182927,0
2.527885352593129,0.723275159211797,0
5.977578032126118,0.5783164627939245,0
2.4530266670407808,0.25150929805306016,0
3.128608833915636,7.92424993365706,0
3.0410066134426983,0.2548186477079126,0
1.1750458830430133,7.941063636067635,0
3.3052590677816185,0.09152987212294808,0
2.002345313448395,16.942454395783557,0
2.338499393787996,0.09437185760102591,0
2.840312021675173,0.8274469804560479,0
1.9034168777239957,0.033213490996875795,0
-2.0149318503876468,0.8497558614035096,0
0.649096229394519,0.03410896325501727,0
0.2044267311574477,0.011959272759046475,0
21.912183950307416,35.63013672247841,0
9.271005034080627,0.012078068012054848,0
30.57477912303441,54.53893601869652,0
13.493839406469698,0.003697064875316595,0
37.0896179617835,90.31640498687771,0
25.007255558708366,8.672694693084305,0
39.90360268795595,72.80999105254482,0
29.986567469202534,2.0420366691924237,0
42.02620515607297,113.96593290282232,0
31.663308931448142,2.016930651051256,0
44.03665669746182,56.70761080901876,0
32.47899654906056,0.7330950213284029,0
34.60437879294425,66.05517071469015,0
29.23029850812414,0.7427227670395024,0
28.373454837568033,29.511227089014675,0
27.76824823833141,0.27264320824455546,0
24.450899997473073,37.14119186860131,1
26.667024486303596,0.2645088737786197,0
23.384728202345826,35.824530852250724,0
26.142430412979643,0.10093913816787571,0
19.707486469061784,33.95245256517912,0
25.398582946383918,11.55539400129465,0
18.049211405277987,19.271269867306906,0
25.087223659574995,2.003648306336788,0
0.5519465629564291,53.29078970486342,0
20.849911668229968,2.0057313160969694,0
-7.246282898459578,24.575430412226353,0
18.756453950228458,4.430287116036166,0
-11.137430311324692,7.313878072976893,0
16.97836774479272,4.138428644643211,0
-12.916425924246521,2.6411937901397167,0
15.82154303247374,3.64170311814291,0
-11.449646397799217,14.708803093852552,0
15.854804591468763,3.6994019866118206,0
-10.834567883474922,5.237482210128881,0
15.785849179011214,1.3172759176505178,0
-15.24531528982137,13.986596305901514,0
15.360494538334379,1.331356874665805,0
-16.822994795650636,0.1765364590210568,0
15.260552843702035,4.627393011321276,0
-18.365045714526907,67.8594155351745,0
13.11199916006911,13.138349504137116,0
11.90517668481611,0.3725848860218088,0
11.902676238868814,18.515180576460622,0
24.320403025702877,60.49427157460958,0
25.983904056749772,12.720504756174916,0
25.960544977424675,52.61190319568636,0
30.81469532924369,4.204413091712099,0
33.22138557659282,70.74558736540457,0
33.18160682077437,3.6591010058617393,0
33.99187540527243,20.006783992234194,0
35.081443307540866,4.985810224569989,0
36.56391969027278,11.541503308190524,0
36.117615655378685,3.3403903333543057,0
37.732833486232906,9.158224754538592,0
37.9377702912283,3.398883079126178,0
34.61734733186839,25.2459897518072,0
39.281555696169036,1.208279939628574,0
33.30624789919917,14.094559815429188,0
37.831481179206314,9.610660209957505,0
26.012243007639047,13.905612031303315,0
37.448653224596285,8.694286688830816,0
23.061215666118684,20.593637792167854,0
37.3027078325488,0.09417809588828957,0
15.550682139047145,37.70594029721972,1
37.48407203785759,0.03535706327313882,0
10.933144637422231,40.99888359220873,0
37.30556707639194,7.968509304908418,0
-1.1688987364736891,68.65760981498445,0
37.50623328190661,2.079648515398445,0
-6.31562554266668,36.95075877128606,0
37.64750917042897,6.525736538424673,0
-4.5809022629351155,28.298634539300885,0
37.71116403698244,2.3341109363349712,0
-3.8077137333640265,10.121792685407213,0
37.204960268559624,2.3211883264408257,0
-2.9317648806589935,18.565539417429115,0
36.748652522874956,0.8399744003463956,0
-2.5380458416428553,6.718359584020413,0
37.469549572953674,0.86224871757756,0
-1.1452172100404612,6.896516052345105,0
38.02818513458184,0.3044485287635237,0
-0.46835449315540956,2.435067890419527,0
38.484956595044586,8.412659767183797,0
-0.2339792313281186,14.973846025705374,0
38.92577319867074,2.9121036463986956,0
-10.353102682534477,40.4044003862157,0
40.36901026356348,2.9864855925201366,0
17.48681556091042,153.23866246456504,0
41.224680214038855,1.0684321922444748,0
19.06182579144594,90.71754137460115,0
39.42327158269621,1.0840369415647464,0
31.603542970040586,161.41355037002398,0
38.4208044545723,5.508360682138906,0
5.81757856082138,77.72474425771794,0
26.738846343711486,14.015488854464492,0
13.850628621754735,77.54270301123309,0
20.722256449651475,0.06706920603067333,0
16.741085690044677,23.01872600685309,0
17.731161601579114,17.081005103306268,1
9.502328077720168,11.348107693574603,0
16.385313720552354,6.416920201458455,0
6.051535472734349,9.631574943981722,0
16.211215935751866,3.2319003547743965,0
10.087810980481837,12.301942530062682,0
16.160467734104344,4.309423439429787,0
12.015958316859532,8.542332433744162,0
14.923742672180273,12.614016534148874,0
7.973898969002913,0.10496383164966648,0
14.367342958875817,4.730828958571567,0
7.452133279412632,21.011951448062643,0
13.836030280760692,4.610692476815157,0
-3.1660558239726133,3.38108888270536,0
13.596639594098125,1.6698519307050435,0
-5.473876427003976,16.704805365967456,1
15.753811688915265,2.2212664083425806,0
-4.002088972930807,33.661102825820336,0
16.72315518708872,0.6182665716100173,0
-3.7009170068729724,4.0621749452884846,0
16.874398576282033,0.5948361031186179,0
-5.696891298476725,3.908230568488298,0
16.942517773425646,0.2136749548673847,0
-6.894991949062234,3.6909110417660704,0
17.224742783084444,0.21413556634450145,0
-5.123895413840618,4.810790476365842,0
17.351798148925347,0.07691714430944908,0
-4.326176995857411,1.7280280507728485,0
14.280483233251651,8.496589876533562,0
-6.035796730830157,10.13401106512285,0
12.898511063174578,8.277143753216263,0
-7.2241827655339925,1.4327076170893036,0
25.065475255528106,8.282599122206758,0
-9.269838307741585,7.164845421587241,0
30.8531847578799,8.125733516214018,0
37.25363151068656,25.315901535635255,0
1.3406309889491541,27.367162964064505,0
39.67572203666197,1.2047944977420049,0
7.601514043634683,5.714098219298998,0
42.97910116759779,15.910879881091487,0
23.032890292892738,148.2634880067755,0
44.046300186411706,5.761756239653911,0
45.571892343372944,2.8643310795597414,0
38.01174333986479,192.23182681133207,0
46.37991050133999,1.015508587196811,0
45.19494185860623,223.7679692511774,0
46.27832638235785,7.604245815281343,0
40.78876646195578,234.60398184028313,0
46.2322213219501,2.6938010432423334,0
38.41024152247768,78.01321445140829,0
46.937643973779366,11.210108969650678,0
29.147179192815955,61.16242986795194,0
47.169825910018446,1.0681531054194588,0
24.978541894723314,16.873218416459984,0
48.72501129656637,7.523467904803673,0
12.342458207384666,42.9207617393427,0
49.36011099916154,2.6899063128039757,0
6.513893483391431,15.345692892408483,0
50.71815921142425,2.7066296328237045,0
1.7751054480242834,32.64179521324758,1
51.32961590547386,1.0112846970978282,0
-0.3586088572627433,12.19603435380922,0
51.327766502083705,7.272186709370118,0
-2.575792492612472,5.196836700688447,0
51.38812814711091,2.3837879318281288,0
-2.779249905910497,3.15717803073241,0
49.33794480520392,10.986881962276188,0
-2.834445630234772,5.388120579124286,0
48.77510199674661,9.06118547274168,0
-2.1884555906871994,3.1927573491200647,0
46.797632951075805,9.040735463731883,0
7.347149587883017,20.226129813730516,0
45.6718183914116,1.9064724720120183,0
12.090538464866462,33.70799397439608,0
48.18013030537044,1.8415721800988816,0
15.758194344205556,41.007692942441636,0
49.0728896468704,5.798947011219583,0
17.369687176986115,5.575545373881663,0
48.94032208755156,2.822049339258291,0
18.30795353627107,67.16701688989028,0
48.8808093495226,1.000757523445462,0
46.371736374777264,0.9634847688024551,0
23.263656750057148,113.74822634717886,0
44.50439306158987,4.761958105839733,0
46.40645234024171,4.82295918587846,0
28.021778665635267,190.74170688981272,0
47.18790796578803,3.4445938733237997,0
28.160978726015806,215.54785421086154,0
35.02191927621473,5.16896273358253,0
10.936410435180289,214.73790610435285,0
29.10067682871614,1.8492157803385227,0
2.883429713479213,81.9514595585796,0
25.76339461938187,1.8568571913139709,0
1.7179331044567259,73.7078361413259,0
24.079366730716476,0.666420445499307,0
1.5796808079939217,16.186354454246533,0
25.517775011458852,0.6628837188564658,0
-0.8148775339727465,7.58988827372932,0
26.165021384951306,0.24431681235123642,0
-1.6343960945041092,2.4304704568985764,0
26.39765374898201,0.23867082778352267,0
-1.33561414582678,6.1374261319137435,0
26.718711492696166,5.050073433658069,0
-1.0131306925777461,2.9142749808650317,0
26.24663428805002,3.479509895551155,0
-4.098133829602169,2.8883475192678243,0
26.362041987303904,3.8673655304519436,0
-5.427407073157308,1.047714787698016,0
25.79186481110679,4.554219809134386,0
-6.213792090209502,1.019157649995154,0
25.93471898447847,3.509446604936682,0
-6.569581685029691,0.3843383084669293,0
26.48346745933644,5.029991256856434,0
-1.3387278186875462,8.794979716054735,0
26.730375861646785,1.5705088077549207,0
0.45596922718488253,1.6373111003399796,0
27.823586317307132,6.71203751298066,0
-0.6316858500534095,1.9162204706884463,0
27.930731370415796,2.7365166300894193,0
-1.1214711837071456,0.6956363687298742,0
27.975239530844966,5.868604623677316,0
-0.8655113083469446,0.6936501093606432,0
27.420058231572177,2.984928344997516,0
26.465365212480716,5.440494075475363,0
10.000024785417615,15.950917263230616,0
4.245467165581996,54.06881541372159,0
11.363260226202431,30.716760793962948,0
21.23625040981519,63.620022701914856,0
29.650858488936507,13.966785704428329,0
26.907753957659484,38.296580117814,0
38.70325223017773,0.15247153300377522,0
31.6985154113289,29.061955617758592,0
39.96441801766099,8.5673342165193,0
33.90817521494438,10.596060686882131,0
39.017069525662585,8.239112745023501,0
31.783475835054475,10.92272695030284,0
24.909114102493135,17.28169268995202,0
30.827484230742055,3.8153263647587106,0
18.219756173114497,6.036523484257549,1
28.502496265734365,6.22181939700076,0
3.9824211125314424,3.2889519368241174,0
27.456299530296437,1.4997831841180655,0
-1.9035719093515868,12.777916015151032,0
28.360654975218278,1.693006000390938,0
-7.1142515936404855,22.934751472448085,0
29.15659776521146,5.776716235430995,0
-9.517322782433169,8.34443626042638,0
28.73728693794625,14.072404708065235,0
-13.281773434534793,0.2513455684078638,0
28.636717805695543,5.170084290685261,0
-14.566636848253822,5.062439292823221,0
27.541947282478105,13.779902975623136,0
-16.799637938153587,3.533611430078217,0
27.035001037488406,10.048921200087442,0
-18.069785975107834,6.387062195496027,0
26.386457709613616,1.5323175101992919,0
25.959714445346393,0.5364777928616941,0
29.023338354903174,16.83537233778425,0
7.26432737862398,18.108673277832505,0
29.769112314080246,16.316269166054866,0
19.265323778825007,18.82872661649857,0
33.54988309222523,16.49248074718405,0
29.629688371355932,1.6450948090835356,0
35.13423804296567,0.7114548233109381,0
34.31718376496906,0.5842316955287495,0
26.733057201516086,7.887037195438236,0
38.59947031270816,9.186426017353961,0
22.242077368626543,2.832407443269527,0
41.066059281344714,6.99640858004605,0
10.64946381657622,11.198518853870814,0
36.949884004747915,1.5535282652234608,0
5.617910962031402,9.399218650488564,0
35.51215918038281,15.103337781123606,0
-7.022775495737266,17.892121496963696,1
29.338872415564047,14.920406484915036,1
-13.3571576469248,3.9965747556279334,0
26.351656048133776,10.832578373737721,0
28.565554171472442,14.401344097557674,0
-16.906176681782682,1.9843162885955952,0
29.333528686091515,3.8380228854091003,0
-16.52391839364392,23.2184721098384,0
26.433708471878205,3.8307087292880544,0
-15.802002232918221,2.024767798348849,0
25.582453329530964,6.441873460530856,0
-13.448009227124913,15.078588990462212,0
26.343185421623005,2.0659920537565863,0
-12.596907874516617,10.563747954796488,0
27.241237972224273,4.391963285284508,0
5.569604953012897,93.55273454647649,0
29.48109815161859,4.2729444744999165,0
13.762812664019519,40.106594139306374,0
30.377137334402782,1.5951796423884985,0
24.206814547543477,47.51123122298178,0
29.663970627827553,1.5548919763978568,0
29.679944608004384,1.9696680034528968,0
29.342300724478356,0.5647040283768044,0
23.58147684286066,58.37429255596895,0
33.04097213739671,0.5735537744691023,0
20.838386255903618,20.955816210564777,1
34.714344907350096,0.20590035370680962,0
17.454109647928597,39.01611161065731,0
35.012782796835616,0.27179816471405166,0
15.59074397154092,5.735515972706467,0
34.95679197864593,5.3236037002077445,0
12.135553453346438,5.501423159574528,0
35.83865019187482,3.52824061914967,0
10.26947390324512,1.9603621835480407,0
36.29816968058414,1.2572436774295177,0
9.64573741508895,10.685634072650073,0
34.290833556530124,16.10530522573786,0
9.190513028103197,3.7527926383709582,0
34.060812950534036,0.5684905395214388,0
4.858661729430224,13.39970157830034,0
32.51910160121652,0.5768214466834694,0
3.515792458722633,0.33966305424563453,0
32.28664304048273,10.155972388325658,0
5.589132080360992,0.34191186762649284,0
34.07757407790568,1.5290027574151823,0
33.651774711454145,15.856076657929695,0
19.764254831080187,35.02821864523827,0
45.40283562309938,15.85766921493551,0
26.8016972658896,13.519028423008235,0
51.58879889868251,73.81016589649053,0
42.631847818172474,3.6860899337133475,0
52.63732472235377,69.61980861505289,0
50.13159443586035,3.7716100286679857,0
22.69361933601216,124.27048157589115,0
52.618802550471635,12.245040296068158,0
33.72062557539884,242.16539852253666,0
53.91833892875697,9.562576278575845,0
33.51534950567603,133.80389633716746,0
57.031455884608285,9.92665810716362,0
38.43195761020396,165.53809848136427,0
58.619386867829974,6.84022655944541,0
39.97342602359427,78.13992810307757,0
51.508121817075256,1.7561267248970773,0
35.94191908102978,113.73856510417502,0
48.33056330715068,4.506701653145757,0
34.577153096427004,66.00284466657493,0
42.507503105662366,13.134668745597846,0
30.06880508663673,100.80262386594435,0
39.88845051883,4.727550085382146,0
28.513125526921037,72.39856361306802,0
40.09434402438561,4.650027931012998,0
21.579314365777922,96.586032643146,0
40.22927730174558,6.968130222700962,0
18.285353741398225,67.3387607750969,1
42.5733550497559,13.667414268892482,0
15.857337534960603,76.30141969912903,0
43.61869153073572,1.2635214677375268,0
14.974961103040918,40.915768086311026,0
44.67533967657589,19.133131863320795,0
11.76052910634856,56.64174141460129,0
44.725494582658456,1.5623450460550163,0
9.719274645176801,14.822690410236719,0
40.539341509693124,1.5497082903930492,0
10.195172832304367,14.702799661746983,0
38.91968515019434,4.843910437207997,0
10.676023889048093,8.855482160786192,0
37.69040308251359,5.781585810341863,0
12.495639296650761,10.569710292589082,0
37.11195446907584,2.0234108308844925,0
12.561240625414582,1.373019475689887,0
35.570664139465414,2.0542521567883085,0
6.548233136200732,35.723717228588406,0
35.41289789601137,11.182236034958526,0
0.8226240052162104,80.84301915637822,0
30.53393477972699,2.469536578168443,0
26.999090697806317,80.24280819388952,0
27.192696649854685,14.48389799865994,0
34.49314972602097,69.53933263018156,0
23.29298907813909,5.994144323776192,0
43.23432869890814,70.06946844875702,0
20.981349205799358,3.0549542914081735,0
47.167481002150346,36.16967433334427,0
21.49231885201747,3.021291925190851,0
47.36939493248349,79.04527570980393,0
22.007828267430753,16.657595168657664,0
47.2019123268656,33.63150120178342,0
12.81362728463381,67.46049233145735,1
49.17540320088159,41.604144194763954,0
8.506043679365638,25.677207293472545,0
50.577186363707284,5.036440557207237,0
7.563668373307408,6.8334673095128675,0
46.75580593885176,12.490949823905247,0
6.734951491500551,2.5642787455778495,0
44.939287484074555,4.916705227223583,0
6.3344953424412935,14.67824353997468,0
45.09098368089415,4.8275524798872755,0
4.620108061601291,10.330464650982798,0
45.18867663420529,29.611088521277768,0
7.500158018844017,1.6079711669091394,0
44.79357389587019,29.466509794507154,0
7.810050057017126,10.815749160345673,0
44.389668486943314,15.567092009700678,0
9.88088730850073,2.293917729276844,0
44.54642849655627,24.278299598017416,0
1.1651837899437911,31.21104256959998,0
44.27097892501908,8.582661336477356,0
16.968876115073307,5.984232935793441,0
36.692866680683835,25.933671675873736,0
24.437223114945724,8.080783736636764,0
33.610508685207485,39.88257135952904,0
36.157594203079846,34.05199976123162,0
24.610828749757395,74.88980173462298,0
41.80541515120056,12.257812795831885,0
20.71956941079156,57.99525728477451,0
50.17834614042255,4.914672699668526,0
10.790468565007039,48.67808952042346,1
45.11698008746795,23.25142961560856,0
8.225269302696848,45.124468602228234,0
0.15186888446622193,40.12051647489753,0
13.819966813956142,27.053615919708925,0
-3.7813817382609805,10.607988626382138,0
-0.4880494958111048,10.512446736478065,0
14.768876035913593,16.726508838231524,0
0.762314776810713,3.8090508109844916,0
1.4126932116637625,20.820339422877556,0
1.3153275379794716,2.41533613545461,0
36.64592272881989,2.5800194815550017,0
4.620946722959374,6.186396159990256,0
45.678320249132994,1.758143854682094,0
3.8904554052368034,33.20253887139019,0
39.7894904727481,23.786605300799867,0
14.80274387359909,23.565115258854686,0
-0.3336440054966805,69.17298878839104,0
30.025150523086907,6.934017687420423,0
25.224020994662588,129.97373304385124,0
11.321079029368796,7.949869991997442,1
12.62722921711007,99.99045175841734,0
28.103818585263785,21.672449648062567,0
35.719979776504374,23.708186696443015,0
31.27177210589871,26.670089596277403,0
28.996343989149462,4.343672194012518,0
26.996903540635167,4.4050242142223235,0
36.77216018423196,22.421321030377634,0
26.485874584554594,6.7437944924124125,0
47.35339182822601,45.74492469570599,0
27.35661462722433,33.63797634799114,0
50.744271599680424,20.614207176063868,0
28.38220356289095,21.958556234161033,0
51.72167393384025,12.296479033085966,0
22.747792281050728,30.45691812686564,0
50.38397568886977,12.267666161087368,0
19.215860523300766,0.7044593639622658,0
49.294808457723164,9.542815322724268,0
19.62191179605499,7.9120744862363,0
48.70731521276811,1.0049403330690203,0
15.250412147511938,18.324356091580736,0
48.01298838695544,15.84388418262349,0
21.385596221871637,35.151594218672685,0
41.544526468143715,75.2504177538056,0
23.781363498904085,28.272001223871325,0
11.755903391305445,228.6511552620722,0
35.64166492778381,19.88500337040403,0
32.074897555020634,231.14303216948414,0
40.97871158229216,12.085882039124996,0
7.650167419116616,142.4018902083282,0
42.542905477926666,3.656489878050786,0
22.56486187699175,213.96882720912672,0
43.31148630379378,1.302550327607827,0
27.440542784031354,96.73673683025494,0
45.257298831140105,1.3267263819813429,0
23.646923200278998,98.53222415996133,0
46.171665180028185,4.73118496944677,0
24.862499580160346,9.322625177428959,0
43.8267973679517,4.640333313295687,0
16.776597258359615,16.392880749964828,0
42.99647020660818,6.798305567946919,0
13.137990020234025,26.410219600633404,1
41.89521894579662,8.993815820069813,0
5.069132073257265,34.939390187992736,0
41.40124380442711,2.134818270563536,0
2.40156503263822,26.167307652567562,0
40.8702680702025,2.4136606861090217,0
-1.399821698771564,29.585188872145324,0
40.652070186805496,5.988345627616997,0
-2.8991448193044778,10.771711827475348,0
41.10110387387617,2.534328971184686,0
-4.4881405479499925,27.877843841163276,0
41.30306401852507,0.9088531801675919,0
-5.742994325795447,0.20957817995280412,0
43.40665322193055,9.622289189199616,0
0.5612144608538872,25.865996916736325,0
44.353460854592406,3.3840092319171973,0
3.397587888001763,9.096668229138295,0
46.20441766016236,12.066822079009,0
5.473224536494515,9.24236500598212,0
47.03699762223346,0.8305224358119434,0
0.1978036453482157,84.42139761406438,0
49.02887717011378,7.882008322529282,0
25.555009013208007,76.89998564307025,0
49.797692784081356,2.7623419267756106,0
34.9960408633882,37.142351086394996,0
48.36733087880884,2.7968722627653437,0
37.57759731248872,46.20602352706376,0
47.72362945502307,0.9942166054747978,0
39.225233507704296,6.235529183912093,0
47.68469886973698,0.9862985344008712,0
29.87478416959899,6.185868613983344,0
47.667246455038175,0.3625519508199193,0
26.333911773669616,13.20832913537009,0
47.61917937464233,8.149477012947292,0
17.3304315886626,38.58966145087986,0
47.59780150380399,2.1947895151410295,0
14.08094185376857,34.686898860021216,0
47.62567813328501,6.437173702363309,0
13.02199276436239,34.853825674402664,0
47.63840127742896,2.2674419041526646,0
11.76661248272165,7.203210590537274,0
47.02583265531629,2.290515663398612,0
9.365713681078415,7.276511320606465,1
46.75037947632582,0.8634844478989679,0
8.795937819064958,8.11029837878846,0
46.68004612100585,0.7963251596862407,0
9.272017739361594,7.479503154118062,0
46.871769568277486,4.909018984963365,0
8.847569528139976,7.586987500120476,0
45.553413062642164,3.7808902358976657,0
9.698447700705826,24.990840873212665,0
45.1592241758566,6.558958258912687,0
5.438267219677384,34.97917250176217,0
43.386993996676225,2.1125940261624074,0
20.94408072418835,43.680884655889756,0
42.6414307083503,4.475151271243429,0
27.320132128240857,21.07167712340432,0
41.728900473815,4.186096085314892,0
35.22430595653053,20.708473839138055,0
41.386723060808706,1.5098993575706985,0
38.56909582916218,12.62981468617028,0
40.97853176554295,1.4877286023656138,0
43.77057372351656,3.969994954017888,0
40.90769140299838,4.650891648635766,0
28.64918916697079,3.73726774182465,0
39.0213827297099,4.568051651510189,0
41.481843693456085,20.690275627100256,0
38.200101509291486,6.651159596504374,0
47.41128608939155,12.36985778277012,0
34.295868394860705,6.9266356827823286,0
22.286121602267563,12.923970688591403,0
23.296480131142438,21.141728454215443,0
23.685616657333874,2.6244826372756616,0
29.029793867209,23.42798443693536,0
31.434594757908883,8.30927594461809,0
31.83049086974771,33.79233052367094,0
32.40253992062997,22.325998597969697,0
31.150404674549712,14.168316246150487,0
31.0258285974811,15.234724542921454,0
30.97104130596157,15.161376418203064,0
31.023607517746406,20.912227040612873,0
27.5739341901885,57.09810139323777,0
53.19554812262478,1.7536259949983526,0
29.09040358702347,61.23229586106137,0
55.80657614268475,10.760242028604477,0
19.807338328395485,69.1018180530825,1
15.14340718257584,20.754063575484732,0
14.143486049675912,10.585176936377664,0
14.187264111999276,9.185532535348042,0
16.042975992642315,26.17872039852645,0
15.334534584994842,5.84334878356184,0
14.942975145189441,2.650992095467365,0
13.197254171157525,9.318587720563174,0
11.869444247146255,26.63128073267757,0
4.496755646695771,50.14066160096516,0
7.736259167914151,107.58822760001598,0
57.66704195264971,3.120613760758286,0
0.7703958984685566,65.25597617953274,0
58.921625148876835,26.367284690007825,0
19.12227023735441,82.96237621505522,0
56.48003476613528,35.1716289143102,0
27.637997818214686,29.68310767827193,0
55.869362953604394,33.093975367958485,0
23.765029665898773,38.92781452919909,0
53.43622138628018,59.102629362175406,0
23.564615552664534,55.27320111824046,0
53.79736753115772,52.21745368133201,0
13.396774353170715,55.898005944304835,1
50.438918309801906,78.88939880153042,0
8.82143013828679,20.549984746367272,0
49.32641387187359,66.29101415308341,0
5.846406709342721,18.49566161736838,0
45.760415594485735,51.673380729134216,0
5.112616665651382,17.399068971201658,0
45.17226705550531,35.32406762832523,0
7.359713995714001,26.088001959848338,0
48.74470582837037,18.30215083827805,0
8.372579093419985,9.377192133703874,0
51.074556215791986,16.883423689691828,0
8.49303039791699,0.7744215194522692,0
46.20000608959968,41.812594024220544,0
8.550982913902994,0.2865183959672417,0
44.08020056907031,20.661500898437026,0
9.823418999945988,0.28172117329417123,0
46.26144565935064,37.331770782121495,0
5.650639567329529,42.02668509925643,0
41.10092068781629,92.86096470910142,0
25.83724630064993,49.177003855053655,0
35.997043592850446,234.32336562459912,0
35.14450829888144,17.87305132010974,0
16.281658325274783,172.65394804122886,1
41.484032128816075,10.452721509708459,0
20.429449517872953,218.21283673022162,0
44.75338255478262,2.0455236087869175,0
22.481822785162144,79.40473727627761,0
48.59668635881931,6.276834957638162,0
21.196307620583717,90.18228067524251,0
51.07312843170031,17.875060331308035,0
19.19880465013052,79.50788691462117,0
54.03526957676513,9.09828957098404,0
20.929955778003333,104.2316702755487,0
55.368191286734316,3.248089625456085,0
20.674996905322764,42.304546634994765,0
56.24870477892791,3.2232778410334033,0
12.05140499099283,33.55650995538398,0
56.59326042421508,6.36815688351677,0
7.78613913580839,7.198190674595529,0
53.01588073687586,6.41672824309828,0
-3.4319753727286573,7.253092887902328,0
51.34917124098265,2.2839768178382043,0
-9.110058747725025,2.5782290153432204,0
48.69337633114141,2.2914070394063613,0
-10.232262091295851,2.586616496638129,0
47.50224927291485,11.143681393021977,0
-14.511023509088561,26.731620331445768,0
47.49703584049398,11.02614980422479,0
6.579029716084872,26.449683896090118,0
45.31870259848758,39.62157120405891,0
-6.758653225388544,162.33410057738126,0
38.081046785905734,84.79992179266284,0
12.081462119799212,246.67629899974648,0
34.85858938087999,49.74365785722229,0
15.33372956924789,100.86599141761384,0
36.979318951482654,50.57006256922068,0
21.889731103625188,111.1421859959825,0
37.93368244371331,17.984164613723415,0
24.46885368927471,44.62297835207051,0
36.845213044073176,18.3317109829997,0
22.501552616352114,54.14555964613064,0
36.35494047843335,6.559805263592269,0
23.22071195921432,1.2844099026572777,0
35.51609616976936,10.523703615233924,0
27.222482360819093,35.27165474217758,0
35.71065789962474,6.387889426036391,0
29.967651106973527,32.97298792830264,0
35.817049035084814,2.090381966734196,0
29.010259993875795,33.131656949687105,0
36.15720586094723,0.7576040837957998,0
28.962063675317893,22.28725803480176,0
35.781159843550405,9.394868707720889,0
27.003278295604947,22.456890335425086,0
36.05097982087546,1.7676540010197028,0
26.127801162974308,7.953579461458164,0
34.25412426945101,6.806562409323518,0
23.1526625132768,8.05113639301671,1
33.79477229296529,2.8638963400299935,0
21.826814930882847,3.0661996288312805,0
33.07836100729772,3.4341739170845367,0
16.68938978959761,25.485320931506507,0
32.75578563341136,0.9626193722715816,0
14.134845052627798,2.0494628494754292,0
32.27120562931268,0.9805721230773233,0
12.900100323631813,6.561033082185346,0
32.22402205948893,0.34785374440209066,0
12.3447248958517,2.3274982748050306,0
31.50050328547488,8.162783234659662,0
14.049737815211405,2.3241240965040775,0
31.536266215717205,2.2107635102495844,0
13.959413555953425,21.685598412269897,0
31.27358228173466,10.659497031658868,0
11.31029832438718,38.216328842647805,0
31.158897559854406,1.2706723149424801,0
9.643033604129492,29.29621635186882,0
31.470882422516997,1.248743127520557,0
14.886920864383645,121.40846107461219,0
31.610979915263464,0.46452880663861496,0
29.24063157876727,9.020692493031133,0
18.938997325532338,141.57109383874803,0
28.19895770577957,3.1994435991106918,0
5.220048107370035,162.954944622015,0
29.890636988625204,3.267848749402696,0
9.662982318550506,183.6735089899354,0
30.651850089429892,1.1705395742068332,0
10.496281276871965,70.93612624637103,0
31.086889973886258,1.1352979467466144,0
7.945674217671172,60.48443138837878,0
31.282548426478876,0.4282156009611668,0
5.272817121913132,28.041495230748588,0
32.415688689613475,0.4155958863480233,0
7.5948534739307405,27.215099213499474,0
32.79239647241533,5.339565627291984,0
10.899273601384374,21.104245918508745,0
29.84778847987552,3.2531538221194034,0
-1.3906697807612445,37.79295469205087,1
28.601770632833478,1.2594221706602544,0
-6.561290160296995,20.121568052407245,0
28.08114556647717,6.881505394766997,0
-12.423554934762937,25.52646269770927,0
27.90897774553752,2.498424910308097,0
-14.729511082521018,9.936885553106917,0
26.516909023899196,6.054248852349712,0
25.82083247035344,2.2146074882326454,0
25.11266249498684,2.1531939005413276,0
24.408996779263283,5.873743479182021,0
23.518525121775493,5.890245169178018,0
-15.952771398449528,1.5510166278738529,0
23.117943880759437,2.1311068214039173,0
-16.29573886487862,3.546135201591874,0
22.519900040826766,6.4573336206843255,0
-16.654444222620025,5.0346325609291975,0
27.95233275170872,59.29841757859976,0
9.084060931901005,33.09056045164188,0
20.478822516217523,21.249146069337776,0
43.080226517329514,110.84334398437402,0
40.9190714953867,12.852161775340031,0
49.62971451226128,128.85140977201195,0
49.17482192717776,9.843865723931094,0
39.61241145830652,190.18246410072234,0
30.462104042581597,72.46858872778974,0
28.63257945378439,64.83679313766895,0
27.948448016926477,13.129767230328936,0
24.443273570899755,13.157543504504096,0
23.15389501581583,5.6729912152025275,0
23.234386245621515,5.516544971254795,0
23.91895691827606,12.310571311160503,0
55.03437904841824,0.6851664088386391,0
17.95063595298413,12.212428238124774,0
14.814300484748577,0.72743170281271,0
11.447396205418347,9.164781851825275,0
9.038107574723952,13.329463990783148,0
9.818851533042071,22.269901475122587,0
56.15243835143708,0.6884578805374519,0
10.138939378459055,7.942773667290347,0
56.13303338412506,3.5464039984109785,0
12.585948082121046,0.5735283879356267,0
56.98598755386914,4.949840924326046,0
13.164721409426761,4.918281620423505,0
56.52483538090852,8.457265170498339,0
13.520205441514388,5.005801352451006,0
57.28407625785597,0.08811647606674029,0
12.374464396672725,12.12036778775949,0
57.96208989201679,5.199157086631104,0
18.65126888986496,28.99793263383111,0
57.95251586138889,5.137462739943103,0
21.47496266827642,10.472682310769088,0
57.915087414055826,1.8554086540660288,0
28.9055427002784,10.701846780941334,0
55.43536672675459,1.8960089251848957,0
32.642355547967185,16.957371878834962,0
54.317454660249346,0.6773933044185306,0
27.3439883244897,69.32331511143543,1
55.545196945745836,9.39214667580537,0
25.86241835362074,41.792820274967745,0
55.968903832271764,3.4774594588496206,0
17.353105995135788,45.84760779406816,0
55.45577239259764,3.1414441073098907,0
13.524208213044508,17.402341171344442,0
55.809045211161816,11.432020533508751,0
9.423473228065193,9.038594692831944,0
54.71988604082273,11.650205012102036,0
7.988909979936787,8.167337318787647,0
54.166925474598116,4.043526917340813,0
8.947949952418654,16.90918892552493,0
52.34239868967733,4.1310164556308155,0
9.380533190106844,6.19151028607874,0
51.564079052115574,1.512623165407053,0
10.33032744921475,6.2879080678977,0
52.27735029134522,1.5361737227249903,0
8.660621665116775,23.605445667247746,0
52.76824364359978,5.6989585064909445,0
19.22215503234287,57.32523774645321,0
54.654651172486695,31.13131017621919,0
21.37762565362733,46.677410791385114,0
55.85924270752674,42.296889572616244,0
34.62269427479897,63.215876166936134,0
34.042271583810624,2.7660420382504705,0
26.56359367837552,123.14852604213546,0
31.20784310522401,300.0,0
11.358649278712441,195.290866101121,1
34.90292380194232,280.4070727736535,0
44.771311698861005,79.07157364238115,0
45.156941466040486,35.6803007951048,0
38.59968846026518,91.57230838449189,0
50.06667281675786,108.05874616679112,0
35.784911914009506,37.22630861724784,0
49.18575982954144,75.1936304727806,0
29.026058550889466,54.646402528503515,0
49.158959607815746,37.21038040679292,0
25.68504445298181,9.44467406688801,0
51.77637172883465,3.3071018070245883,0
17.95091030389334,7.698128461059098,0
53.69571666316192,16.791915668765558,0
14.59664736069094,2.4299844295184427,0
51.71021347009653,0.5306780978913735,0
9.176018988852174,6.092863791865819,0
50.818418410315815,0.19266017360044693,0
6.019815545881546,7.334830713823628,0
48.468962972892164,8.891729041106785,0
5.377732874254582,7.4700837741565245,0
47.343383792980916,3.1040624334755704,0
5.1432409907434256,12.72632393808993,0
42.92072806755353,5.375827213735537,0
21.41619635607111,46.871273205117085,0
38.75356809834213,28.824352766268763,0
1.5758046466946563,73.36021079898829,0
37.40728832191059,29.1768872376186,0
23.461095036707015,91.56013730689898,0
35.90092202570011,30.497889367049584,0
33.114737484382985,37.21407626879094,0
25.869463661845895,39.10462147796402,0
46.17947878991963,96.69988021608279,0
20.659581674152435,24.88648001169484,0
51.49435344297581,56.60495788815482,0
14.191193565190051,33.57703505040194,0
52.4479309925815,39.1993657372031,0
13.403592123537978,28.60605073130588,0
52.56162576531426,18.646184077025378,0
3.8552546358753825,20.955099467106105,1
50.26353985319082,6.758325403342076,0
-0.2455015570477781,13.556735098383038,0
49.08769137340374,8.500047101865858,0
-2.4147590525964713,5.194670755622817,0
48.257867561967544,11.995794951472126,0
-2.6708738164138435,6.524027026550671,0
46.22288459258722,17.077856830655595,0
-3.966292266194882,1.9920617708842403,0
45.55351032544414,0.0968812997070351,0
-3.8440758506775308,4.531238181764124,0
44.67780151344542,10.561069700134295,0
-3.5663736756079145,12.768076682997506,0
41.37216976263181,1.717921523412303,0
-3.966663698804218,0.4646272670605891,0
40.02467316384073,4.528491238783434,0
-4.554715478515714,8.132392917497494,0
38.17073941137794,4.070253145578306,0
-3.6878654610800754,13.250815509981585,0
37.02808687593734,6.6268689304379285,0
-3.328079520055205,54.96853281734604,0
42.03471014220477,100.16398979587466,0
-7.046529757930076,45.21190227413101,0
18.78102846974683,54.394522883483674,0
49.438650590385265,112.16331465316789,0
30.403364431565272,14.332891114486166,0
50.38409697039464,133.5093003228819,0
36.35459755535414,23.012815155645402,0
42.552471288893884,194.46297358207116,0
39.03241414643943,2.031715820209041,0
37.775359341769175,90.68593034324537,0
40.50713938943268,2.0541348260203036,0
28.63100539043667,109.07772854839111,0
41.1707053299597,0.7314311938441752,0
24.56958660800174,38.84012490480378,0
36.21143970394491,18.129295678760844,0
16.85592261323571,39.26513314367914,0
33.895545450909005,1.2952896322807776,0
14.172477895261714,3.6611167508253364,0
29.480037623911546,27.093471876163953,0
6.6388850958923324,12.260295648923407,0
27.784998513354807,14.8219394728495,1
3.178470813246126,4.386666524427228,0
24.834622082693436,8.507508631309683,0
0.5223250089113063,5.6399574280452045,0
23.807747062473965,6.437024713605251,0
-0.15992768782513433,19.17901966827686,0
23.85126666613119,15.865688704686908,0
-0.05274467494531532,30.425817288626337,0
23.827105440412495,5.662235527457103,0
-0.0052482874264847545,10.858535473010395,0
21.91302376635157,5.711271321141192,0
-1.7139950291371053,10.952571989609524,0
20.984413640651674,2.078208394432709,0
-2.5696059758028023,3.9854046095095628,0
19.467640715592648,10.676522903058096,0
-5.552421800572194,4.614600546638297,0
18.716883774859195,3.820154548987015,0
-6.721402932488796,1.651144987002005,0
17.8138292581701,4.755321333845943,0
-6.2814834594709374,1.6612476823300721,0
17.407042350776226,1.7122965610760914,0
-6.713242891111692,5.758640037339877,0
17.811855699238432,6.815983137141167,0
-4.133948115703612,14.208307418080391,0
18.12809857931996,2.4799013207574676,1
-5.680411248510097,15.490634257420938,0
18.691138105935313,8.372210784499526,0
-8.078544971190372,127.06509712140404,0
18.98645782867453,1.9077577672420503,0
-9.880905127852946,42.3574174599281,0
23.673862744735985,2.20389775515852,0
2.8783853515003677,74.73913353814689,0
26.12425673136282,4.2849443735864625,0
8.352562919373751,31.458256961009575,0
27.8993616141559,4.274636769929995,0
5.422220309112269,31.38258287607203,0
29.378255867260282,11.891457076380743,0
4.513439508213313,3.9384905558457697,0
30.181221367326756,20.7228658307538,0
-2.142734853304795,3.9830507389721523,0
30.400950857069677,2.2029754673039763,0
-5.198082655783532,1.4088701545199456,0
29.16513669120219,19.215208930471416,0
-7.5425221121407375,1.4031813304563636,0
28.60909395884775,6.8996184002760454,0
-7.740036013760443,5.5969983911664976,0
29.061075349151196,15.588004566773861,0
-5.974707765211251,5.669666340817516,0
29.26450283400267,5.471226821384057,0
-5.357516935384776,1.9899936787487023,0
28.2491689713415,5.6125733916855305,0
-6.885037578755471,2.0414042289955634,0
28.01534629965646,17.27955399031865,0
-7.443073295698321,0.7256132980116116,0
29.164541256954728,43.782085303102676,0
-8.540517283943949,9.43871590519855,0
29.539141966901823,35.77070976600552,0
-9.485812339856848,1.7767171935741668,0
32.325796531629976,60.10529596779164,0
-5.099106585250979,1.7436565307130225,0
34.16690430364517,37.80849697813779,0
-3.4152732113698625,5.807545318917903,0
37.916673212505636,37.80702417148925,0
10.163735211510982,31.605190950161614,0
40.252839603247054,23.784095860747676,0
-0.08866715902006161,42.077758545975854,0
49.88445490615928,57.10025274452274,0
15.974227402240471,33.026570951902556,0
54.214059303591355,21.274591915550264,0
23.13840731275718,7.077521892181247,0
23.1097446179605,10.108065040825398,0
37.08761047648124,52.76887075438567,0
23.25022822873496,8.724905796688615,0
41.2830097852307,119.82433643863945,0
22.95811603746639,26.033568506154452,0
42.68758887880752,43.14688939187949,0
22.996964486013567,14.534806481378148,0
30.273554278400674,60.34095547014638,0
20.492031313557646,23.13273428253215,1
25.703760911841957,6.4529690663916925,0
19.07838778396548,3.2743871085746297,0
17.404937039881606,5.748582963461902,0
21.15498711512581,18.754014713720426,0
13.670211686926336,2.247570179676591,0
22.56132778130543,12.492359410056954,0
11.756407219065402,6.287398711532381,1
20.654832977942238,20.876624316459285,0
10.43850694455173,2.9494487553473685,0
19.286341684881357,7.794984695460332,0
14.75957712869419,30.548924230682044,0
19.51633373629802,7.357754077074794,0
15.773437923581213,4.078222439936839,0
20.507697159652672,12.888910099637656,0
17.680507188882533,13.070000830011924,0
21.144747047323442,4.45369751439137,0
18.54257190515912,4.67607177945393,0
21.65786577210688,6.721590289818319,0
14.75546751984086,74.2667572512349,0
20.78616651975701,6.9095294109484175,0
5.724676299673936,36.025896148378955,0
20.11666281037644,2.690541665804461,0
17.11023917063542,19.090627816781083,0
19.63202048035034,11.208064264848472,0
23.672506190079716,19.102819309208144,0
19.414307594394664,4.130546289538211,0
27.480517409772034,26.31386082022044,0
18.524362847973595,12.149929307822706,0
29.194093188828376,9.885752657300209,0
18.715710234991633,0.5963581913204358,0
33.18251464954308,18.887124173497718,0
14.846260954856694,9.396819548138078,0
34.109880280896064,1.4851609568229038,0
13.114277045648159,8.419195214330342,0
43.3684987802982,7.100117553390402,0
9.629976899809877,0.12924649415884593,0
19.831207440532406,43.84452619751932,0
8.372800751909715,10.274946249788515,0
34.8428828749337,111.47348153104333,0
9.288853225699778,10.167214698216194,0
37.75471171557037,56.760262889867704,0
9.118585138887914,1.4806205934011174,0
39.01546230907532,89.49291572644107,0
12.207641069683472,1.4464228439323557,0
40.11389804897397,27.048772550377343,0
12.915235315258677,5.614361853761193,0
39.687010576662296,18.999007295744594,0
15.082016356817551,5.747975904117065,0
39.865302356344834,3.5687809713668406,0
15.275700521809155,7.23717567737555,0
41.970403942243664,20.318541473063387,0
17.568757632052012,1.3637598561733526,0
42.99453984998819,12.798378016855992,0
17.75809240374565,4.720106244388123,0
43.751700754141424,21.00911977454392,0
15.950610454328384,72.6894332793991,0
44.09364050322672,7.643632213932663,0
12.2378070479226,41.92685492793649,0
42.77039745360472,7.563935354217825,0
27.858401989521884,32.97900777239573,0
42.18162116133867,2.6989368510219016,0
34.57735861372785,16.82871359529158,0
41.92275735110446,2.781891544382336,0
33.248278992250526,17.34596199827308,0
41.85171281035799,6.072981002713111,0
30.00619435028068,34.66062883400567,0
45.522420956231215,2.4490873206307033,0
21.07796199424433,26.49979071789399,1
47.17405813000592,4.542832378415326,0
17.060574720095868,10.13141868078187,0
47.772838453389085,5.660334173235226,0
13.72522174218538,12.49635276052708,0
48.04249702224822,8.651358279481885,0
13.385144969457363,18.67141300453244,0
45.510421599274984,8.674419555572397,0
11.709158894964766,18.721183988046704,0
44.24634003158961,3.196632335495548,0
10.691464585263988,1.6710595760475027,0
43.26047902386204,5.503838132763747,0
13.15791888701845,19.053364337461318,0
42.84747774640546,8.25409652371025,0
14.615469609422115,6.699936017324244,0
41.891907275692304,0.23992690705482897,0
11.568610772792198,32.55337650995504,0
41.4633910292318,10.17075422383978,0
9.287205479811044,3.7261226455792187,0
42.074525897506035,6.816112187655389,0
17.07538604221209,37.325805128117835,0
42.14716717945627,17.989632081720586,0
23.12458916101001,48.19088679720327,0
45.20581783267319,18.190820380044556,0
36.089977100285495,57.4268366757785,0
46.47901409078125,31.19580307996196,0
15.749771841854276,227.73170020034772,0
49.43219631019713,45.53865657960933,0
31.311287725945995,300.0,0
50.33325441691389,26.557605447694623,0
39.805997285604356,161.36108771987205,0
48.58301709724361,18.290951230176915,0
31.256576435689354,197.7775359764275,0
47.82209903286461,6.715581735199262,0
27.001652687466073,77.87664778817752,0
48.44302107583065,15.180822215361731,0
27.136260576049285,67.74672510155227,0
48.80895431798543,0.30676732726858336,0
26.459978876642975,34.718007356893196,0
48.995832955986806,0.30356907530689986,0
30.951191659967794,25.845268953513482,0
49.143208319588126,5.0500951660455815,0
32.00457667760497,0.918260462364992,0
43.62476865436277,31.18913009655577,0
31.58221437732206,16.461048965968477,0
41.50210976322121,16.058939012534168,0
31.522194549094714,5.786901260089859,0
36.69468358857375,16.608506250086595,0
31.253199716803735,5.984939955984446,0
34.982034821010146,16.07734550400988,0
31.22586282281908,2.0972949076061953,0
35.00048211407814,15.835898903139848,0
30.819368410423927,10.485136706468817,0
34.63860396635438,0.6632817574025277,0
31.538093448167103,19.336468676447975,0
33.09066729862631,9.167059908357388,0
26.500591538210656,53.17763126519619,0
32.023651546912504,1.7905556062811752,0
24.23402380010009,18.977346387730293,0
32.966288253435394,1.8059083372001572,0
21.266732498076646,27.649030873800765,0
32.69437666455449,10.977110871511519,0
20.274411003899537,20.38019259409301,0
36.422741989048156,20.005833910370722,0
21.074171439744383,47.19151644505578,0
34.760728869194736,22.388028898199025,0
22.076388342697932,37.03372764029048,0
36.24169734625232,47.310385017773704,0
24.371273988204216,28.061416320876297,0
35.95560867875541,32.87797419442134,0
22.96846944389147,25.80064160114227,0
41.46649486939546,68.0276836521534,0
31.173797039375508,8.69649292564914,0
43.682290386184704,29.008115389031637,0
35.03751032168795,3.0570360957953384,0
45.21091155169615,12.315482522393065,0
42.61011604286896,3.1306563204026157,0
45.59663950861931,14.893497090323827,0
45.95791912056385,11.581356421796055,0
45.91947871062257,22.813771358618826,0
49.08115438653843,19.612494652974853,0
46.25884134290409,8.337601448150908,0
50.104101019807885,22.551454011050033,0
50.26202545128017,17.410521541526208,0
41.04136661786672,5.4925539539697015,0
52.51419956062097,21.745677558524942,0
37.22906264878639,7.13662807373564,0
50.1104608676875,81.10782319498021,0
16.724960289596304,15.576000540029723,0
49.01571712663704,86.26988477582452,0
8.484432847275237,4.655045857932424,0
45.27695077070105,134.93936850446693,0
-1.5751061825187707,4.555927490321738,0
46.21548744714826,84.65540163091782,0
-6.244278154073967,1.6542571832017239,0
46.29181190710202,105.19863580900245,0
-9.340187010040136,7.075593164216973,0
47.14949962798354,52.21836809495174,0
-10.587694246600222,2.65080382078237,0
46.05742995617901,68.26836262054925,0
-9.052346784965415,5.807407941027237,0
45.510661926199845,25.107805767759658,0
-8.34400703859217,3.0242861512303985,0
44.97392882250289,34.080785707047916,0
4.204195768795438,46.53440881277756,0
45.22204021985887,17.296205023385436,0
10.465282612420413,32.051754042578864,0
48.5335913908112,34.88093359199611,0
12.969445635752919,6.318704472859648,0
49.82007203820332,12.259486589507194,0
13.571142338616616,7.314930100078224,0
49.111740633606345,12.418673767353662,0
1.835609980727293,7.4099131216169285,0
48.658554749611945,14.69916682936682,0
-2.2452276511759073,7.7791002426080125,1
48.55400243474273,32.45477743040412,0
-3.2288842457508515,46.6587320053701,0
48.62704865681961,3.325514055172004,0
-2.5081192547025677,22.872495888321247,0
48.38908909197909,3.1923713222326415,0
-1.802710666788221,21.95675577680719,0
48.453013724838115,1.2049905041532785,0
-6.491046225614861,39.38589790158072,0
48.05723348734531,9.470678164245243,0
18.760773750995106,87.17641033172409,0
47.97041593193269,3.4954020564647434,0
-0.9970883697629218,52.67883042380514,0
47.16855043740958,5.028278688675394,0
19.63588793709825,52.47334808789213,0
47.14741942662965,6.900659905849039,0
8.985471157400616,1.530258051417337,0
49.20874088883254,6.989382777133413,0
26.84870541114348,87.55077349233275,0
50.325721520373456,2.6274733237642676,0
35.02017328469681,0.5545148232354797,0
52.77695084416884,2.6440081737288996,0
37.420121593029265,17.759054287623986,0
18.095758245683434,70.38034099886616,0
37.98613739663498,121.04569663989419,0
31.131947839378064,63.385121377805056,0
47.177907608442595,132.6657631392391,0
11.654223420460907,85.59817139400671,0
51.0156430479597,157.63953049212267,0
28.467495031511856,109.14414297342107,0
55.74020885707998,171.0027963696476,0
8.968113691870727,100.32482008337246,0
54.51634332731315,86.88130689831632,0
25.05446675139705,110.21958522834552,0
30.306184397299987,59.18675267699331,0
56.71959716252772,45.35861164381671,0
31.089868420541453,94.72239038672315,0
58.38069650061905,107.84578632579027,0
31.500953198774386,28.570566775021387,0
59.12199041391696,38.32892629088529,0
27.0404757149974,37.95453977709825,0
25.08267482953314,8.092197213881251,0
20.492563722914525,0.24854143281608726,0
20.080991968075168,25.560429715200684,0
20.244750482375338,34.48830342917781,0
22.621799874641468,43.10261889385613,0
20.762757539627916,60.58266193729762,0
59.128908934664494,5.232131692698331,0
20.275320630697202,26.969038172755305,0
59.03064997648228,17.073628595160606,0
23.843079066240726,35.19760584484978,0
25.06794264335749,7.547842582898045,0
25.468891022676466,16.07301664562464,0
25.6487281315016,5.699772669918658,0
21.777218684611412,5.847410924795123,0
59.3342850822583,2.6596123013626043,0
18.62699461132794,2.9973237348605317,0
23.38443577818122,5.545732998312376,0
59.35045312136728,3.7959903575794915,0
20.94655249316496,13.312152250723882,0
22.086197785324337,13.063441897291108,0
58.003835038458575,0.9020596055516007,0
6.026611073231047,61.62604674050493,0
56.95996336079396,4.277427171894182,0
25.887354349724777,100.28763753197995,0
55.28729642855717,4.144597957470493,0
34.160839270731714,47.375934935314994,0
54.53379994021801,1.5367937083606962,0
43.357214250186516,47.96680491945779,0
54.09526088433231,1.5559605126746425,0
47.591813496356046,17.16537874135994,0
53.86576597189258,0.5568153132465627,0
31.481892365227637,111.73878301670013,0
56.08431288060761,9.16129439561195,0
25.759827365353818,49.90026247787705,1
56.76322403215583,1.838654492408245,0
22.214330131020972,80.89851437666474,0
55.13785084888434,14.311124228857247,0
19.562802908297094,16.342951405859374,0
54.95383302279211,6.6396888064655695,0
19.450540094479496,15.963807070637532,0
55.55621072481265,2.025213641447462,0
18.149089383957705,0.6471437160674602,0
55.58575579285635,5.896582695515147,0
17.945431929906107,0.640362877288494,0
54.97075565019766,11.184604399509748,0
17.85925951697204,0.22998260824463887,0
53.857604311724586,6.170479980239815,0
17.934393714855055,0.23296481170689687,0
53.191806658357265,2.349061982844837,0
7.212034033486026,30.878392874588815,0
52.01699787789177,9.474988806799399,0
27.59836382468056,74.69508796127893,0
48.74524406555408,61.7513378244933,0
36.645541527827454,36.44704950234553,0
19.611142135927462,123.59846448092131,0
42.9636028364765,46.021640469000445,0
38.58509659035458,117.88345414359445,0
45.85941466281939,11.15323045911618,0
44.736117211450434,82.71491812122342,0
47.82098972047072,11.348752716907724,0
44.011893670970636,101.55373545184334,0
48.65161668385781,9.322301318919722,0
43.092677879614456,47.09423671340877,0
48.66869231151871,0.5884786253763812,0
37.537185344415526,37.0810579100465,0
48.68956374839967,0.21787474347867544,0
33.42849502659723,1.8546121185711002,0
47.18595357476879,0.21190121359396624,0
23.04022600766947,35.483822342688406,0
46.56663087664542,5.082379487488614,0
18.057753565351774,23.36858991649885,1
45.77393400516783,6.951667957839256,0
14.35174270788081,55.49099547984976,0
45.499785363912025,5.986637272790223,0
13.758451899562763,25.76749675589133,0
43.5322667410361,7.066521038624652,0
16.39791650189365,56.499613936661504,0
42.647180330646854,2.5163143968727346,0
17.854705528814186,25.27907914791787,0
44.538128371574174,10.88173487572339,0
17.923953808453742,24.745053400192415,0
45.38913089706986,4.028569639726926,0
17.954976947659407,9.16096302656952,0
43.52809732056989,4.0278172421077505,0
17.618180209565125,9.159252075193079,0
42.69059409119619,1.4407213884458026,0
17.698437582083727,8.43640274611398,0
41.5348106942765,9.936599520698731,0
18.071742546735326,8.348635089975133,0
41.01451686172291,3.6134594498624057,0
17.17818235682883,22.755585514875225,0
42.1776339383943,12.351453892683153,0
34.628918846847434,118.67758380194552,0
41.195602922357295,5.848012646441405,0
41.73873377657061,57.0023933017112,0
42.44566871822519,23.12034856198957,0
42.445931661038486,13.228707743077207,0
39.34905088852092,22.223951958927163,0
39.93775762319224,43.65209000639394,0
26.55852566372724,83.95520566309261,0
21.439033181128,40.47504304703729,0
19.70731376402196,41.96887499196651,1
48.234123624419425,3.5127498715311827,0
18.927942370337735,15.758406986041503,0
51.58854346367198,1.2390006257739121,0
17.93567106223498,19.857576261029706,0
51.80102595692709,12.988205511278883,0
17.778576539516365,10.54003302243043,0
52.032025757650814,1.6409571552810431,0
11.217187279263296,10.315053637702109,0
50.726920396691575,1.6059305542844449,0
7.033685536206036,3.7949721263136347,0
49.756067389913284,4.569848244888618,0
8.07002819376368,3.7547448211945467,0
47.86820312377249,3.9885528997443314,0
8.879301911557224,11.537956282204684,0
47.03467042589432,1.432687348919193,0
7.497298544762165,20.496869515908877,0
46.67397416757141,1.4661543412648332,0
6.026692009610257,2.978595582281066,0
46.51403187601255,0.5157298596237099,0
19.875902323050532,36.25404363129226,0
46.93012355496606,0.5061489675749131,0
18.590744942108937,54.755495994214264,0
48.050248422487,15.669593572774614,0
30.13510281921156,46.14514376880211,0
46.06600886285767,15.66636496427342,0
32.77961202268359,42.15021613817469,0
44.74628203298502,0.4775122849017785,0
33.30354976691035,68.21261676271418,0
45.0822585227163,34.87976938144703,0
38.25278929953257,52.82488359020378,0
47.48605295881064,58.976818117246445,0
45.127584369644815,62.126005253258896,0
51.173184237667755,42.26163835031571,0
52.86602636678267,14.856685013507054,0
41.21612035417438,163.44412514917906,0
55.20025396676359,14.889601902161862,0
47.53929596911938,300.0,0
56.250656208169154,5.348763943869034,0
40.27676709682232,300.0,0
56.13837178302017,3.1827998333155514,0
37.4940398091379,147.46877576099365,0
55.79677511504505,1.138798976466795,0
31.888683049148987,187.3139470387347,0
56.07136553765679,9.538314185102806,0
30.24365170488452,95.30893609006996,0
56.1945024291437,3.531064336619409,0
18.541290811888654,150.0861224322942,1
54.00574267369008,4.933216219437607,0
14.033370503385434,71.12422124348899,0
52.513981853987424,3.5808124063808924,0
15.128431292901034,93.8696617696748,0
51.789242736861084,14.990977867564888,0
15.697073608165912,26.548041549538883,0
51.38854665891373,4.239720222630189,0
14.093055805725507,17.898239257322338,0
50.82944992569216,4.214861593058944,0
13.69691783207122,11.671639395960497,0
50.450023229975216,3.587787869851686,0
10.188568078416838,3.142740767075609,0
50.479224958868755,3.6093581790251483,0
8.810228532776298,1.1170175384117578,0
50.65368065032705,3.8110484745739632,0
7.426239285937497,1.1199464096524783,0
50.11724752585717,4.691077625885524,0
0.788704997475631,60.73056773823658,0
50.104039279209644,3.4098643271152422,0
23.206114452523686,94.92966052905186,0
47.852592291011184,54.489537673276814,0
33.07723625955855,44.280221811319,0
47.71732551587421,45.04125710230754,0
41.98376782742247,53.44606526738781,0
46.236391943499875,97.21482831305723,0
45.982614644597355,39.63582499648851,0
44.87193141919754,70.68090263039689,0
47.48564625520791,114.7969925443071,0
36.47460496535432,111.70147622263538,0
47.20575698707946,77.35514474580212,0
31.000254481402926,55.85079627683371,0
53.84441775615839,86.0328232285683,0
28.469116320019417,72.99203055233909,0
56.524929128435595,35.76261665171425,0
27.086978360205514,41.231874144646966,0
24.122340385246133,52.33598877640219,0
22.97626959062299,22.79915428303724,0
25.827992252414226,14.787242797073006,0
58.27761913623958,5.2240546404569725,0
27.110957346142218,5.359796883892999,0
59.20990374824386,16.361066665441413,0
25.363802144145183,3.2067193233823517,0
59.62877375733156,6.096795647945252,0
24.251134488502633,6.4229336669955055,0
59.42221733516434,2.5018779902362547,0
19.514155881382667,6.141550553291424,1
59.52111316726338,1.337079403804683,0
13.506771461713251,8.4317505633755,0
53.97592104253867,2.4324263604737806,0
8.781953795074958,28.877601756378347,0
51.74821651319034,4.149792375368798,0
4.540346989205412,50.70746823525864,0
49.81872662539494,4.298646996106646,0
16.018797678399366,68.49078929117569,0
49.02638940971449,1.5734230892603147,0
22.059558731712894,9.49361474449972,0
51.099625857737145,7.19228473303641,0
30.114212579233744,7.9370118794413145,0
51.7915397353248,2.577570690224383,0
33.46151076013121,2.320214520626229,0
54.303068004048214,2.6269840050389925,0
32.44183283631741,2.3646941894016655,0
55.59789576293617,4.214375611248879,0
31.500334543824557,6.011385288211951,0
54.20617463600869,4.261106141218151,0
24.830683831252145,2.617474530666898,0
53.55959968738317,1.5172965537471086,0
21.33588010813608,6.092536917125733,0
49.98576764613649,1.501393229870046,0
20.551427632465476,10.99270893349245,0
48.63691686559019,5.705644091639413,0
20.595749068070877,1.1609907960115986,0
45.539073484935074,14.003954828379463,0
22.665539396171553,9.554894910451047,0
44.144894126103395,5.053666506133229,0
23.598888607179013,3.448115405279443,0
40.03196053468338,22.341851445165332,0
12.979342201567102,5.084099666104741,0
38.16903584693498,7.944093544429885,0
8.201105495503958,1.8077536427933507,0
36.40095392796816,16.129649495327698,0
3.970925327646868,1.7741576013198903,0
35.60562299000952,5.993267978876365,0
1.6835184939812398,5.819805692116482,0
35.67934838485398,5.930238871037783,0
1.349851719170403,5.758600826613192,0
35.712256641617145,2.1707302686671435,0
1.5044836202758316,12.491996374163909,0
33.92196343479248,10.75826434170305,0
10.132332374319708,38.2182048148773,0
33.04437420219913,3.800035642476403,0
14.803253554252882,13.499439674950155,0
35.06646968978166,12.469501550857888,0
23.851159233195638,13.753900166063893,0
35.43422727608736,0.6613572182436764,0
27.20211583307297,20.173598775223574,0
36.10381441783672,9.174239215265322,0
14.343871769364135,11.710606433730236,0
36.113059672437444,8.387073458783256,0
8.3461172814982,4.204572960011446,0
35.15793766994251,0.10406115463356308,0
7.995099956916829,13.010673417434521,0
34.32404536992522,10.28198730656006,0
8.201211007757669,0.5304377222631155,0
32.871154123486235,1.6826612170808577,0
10.89169882785529,8.068018764085142,0
32.217407206553304,0.6100180349430923,0
12.572165900378963,2.2704139524509235,0
31.314747818736947,0.6056897459479665,0
8.040490584290739,10.851744393060269,0
31.176128893129427,5.006416268497102,0
5.475468909960702,1.2685596072572658,0
33.31069329254372,4.788473764861525,0
3.9125881622145697,15.452717561694897,1
34.45748753094002,1.8509437794697814,0
4.34165930166891,16.7099849688967,0
34.38764388211784,9.852232077847306,0
4.823615301137396,15.2459302318253,0
34.67850670610684,8.673244409809035,0
6.74859378671655,20.728541319890947,0
34.62401442437923,17.304068571712484,0
5.531446706471488,38.03908592066299,0
34.586880103257116,6.259873403020957,0
5.30592106040606,18.8890868909373,0
33.05463046554591,15.221672197079858,0
3.871170867780771,19.418311730808135,0
32.71973168345232,10.525609145561976,0
3.885141716519658,12.004636823583878,0
31.89087845397559,10.197108966723995,0
7.86359518026708,21.702957884666098,0
31.994213026396046,9.065858133228556,0
10.936205926088016,2.2864248129587743,0
31.595589352580504,0.34487051444160255,0
27.122907889112817,27.766593391607085,0
31.582403617282537,0.12386433929324854,0
8.880449072406094,86.39372166678363,0
32.96658499840816,8.726028408889862,0
29.76020543137664,173.51193518302648,0
33.5893699035329,3.1216517692538863,0
15.248757330119433,87.7119558668002,0
35.11637614861629,5.578185366978535,0
27.952896044802166,72.6137678220719,0
35.80346534177475,1.9652047790643778,0
33.57932938755975,30.74202256577907,0
34.27223597349399,1.9869770121256582,0
28.804571998680917,22.387228156191508,0
33.46526345299944,0.7075041848181558,0
27.268885739322734,13.131717969318844,0
31.349460522435983,0.7001577990359397,0
24.97869810497494,12.995364477336649,0
30.39721970057302,0.2547132581200231,0
24.046268470856837,4.727636585688603,0
28.774210735991733,0.2574748560640148,0
22.575388050043,3.915225791938071,0
28.043741158953193,0.09110409066223764,0
21.915186889441554,1.385351140550293,0
26.8348687374596,0.09167007986203203,0
23.25627050256368,9.992322828131472,0
26.291029650391813,0.032804991614337684,0
24.28742863627825,3.5758457620847888,1
25.737385719360685,0.044482741922271474,0
25.776314661853874,16.438593570768283,0
25.450232380582804,0.012197826776102861,0
26.451721927228668,4.507705868757937,0
25.78771752029846,0.011758948303436904,0
25.6996764839747,4.345518366020512,0
26.397620028897894,5.026629661233669,0
25.44837826293195,1.5412680214497099,0
28.072517301725885,3.4824776337432994,0
26.477465409565806,10.293764426382445,0
28.8317140365319,1.2242270992614914,0
21.886218870688037,39.28093713303259,0
30.151306692858313,1.2396915752802695,0
21.375994779776306,31.178858207665236,0
30.74497361763795,0.4436275157603556,0
18.19941704659539,6.0292515192526075,0
30.19055317341557,0.4561281107077372,0
19.748827045472094,14.986984118605843,0
29.94095361967336,0.15863285639040442,0
20.034800361336536,10.305938481191872,0
29.661755089092633,8.671040974759444,0
23.172635112426676,6.690829620513814,0
30.0485373444424,2.0325729767898273,0
23.601013610002166,13.218234457875624,0
31.142601051090733,2.02847279174129,0
21.03007914161731,117.53992839501076,0
31.634993033833272,0.7084450053014368,0
5.805831043107556,213.14616618902735,0
31.32515261762819,0.7222282335825183,0
9.177106092521425,217.29305443566355,0
30.76006567954387,4.869597547805684,0
5.398980519304041,113.63440607508495,0
30.69216136423819,3.699672795991288,0
10.190921599744772,105.7346686144678,0
30.222012101867975,3.828046364283786,0
10.95230152856075,53.54844910686863,0
29.542328808768783,4.721821646614257,0
10.306684608085536,35.96562094821183,0
28.747331157825187,3.3986986722074137,0
10.370561905382713,7.82532951979087,0
27.318565828655935,5.21496298801346,0
9.10211008520917,8.012861645727709,0
26.675600495404627,1.8103362133124243,0
8.531735621642166,2.7816062439679548,0
25.412906566653017,1.8330310297769743,0
9.392192281721668,2.8164771385114067,0
24.84474538845643,0.6643123223615707,0
9.779174641900646,1.0207249295672787,0
24.926043671087584,0.6683153277158805,0
10.064644740300055,9.624932262047787,0
24.962561275624964,0.23605717669765816,0
10.196151383361329,3.39964421204545,0
23.430052558000458,8.100050504518268,0
9.56393079597645,3.3582532157527476,0
23.273243499184524,2.191168223064645,0
9.615810249609558,1.2711892111386405,0
23.536902826100103,10.511447479796185,0
9.004236558583955,1.2199142665395528,0
23.597336133896253,3.7908164798624635,0
5.989283364289499,20.6564431874634,0
19.836080971404492,4.784212746888137,0
20.076655365138414,64.82684266380997,0
17.718038640892388,6.855587917861248,0
26.373516773278926,23.04812770788734,0
23.941812880579782,7.085015725817703,0
31.297868023797363,14.940879992721609,0
25.167809732211612,17.709605102373555,0
33.50716749871036,0.049284823702662774,0
26.37395691550531,0.7468950020665315,0
21.07150832083171,85.52824591073872,0
26.646144670478932,0.2663594447732068,0
15.800842305990715,30.501283353312722,1
26.097652080144638,11.21368214082166,0
13.85362362807041,53.23201492767352,0
26.419056322498523,8.367114111202543,0
12.29201194234003,9.306921441097531,0
26.56619925714354,0.43154592782166656,0
11.737011700712008,17.285432232066142,0
26.00613106770849,5.246788550160523,0
11.29684120866764,6.276826136387937,0
26.406597122404065,5.311151791850975,0
10.353783548052553,14.941363348498335,0
27.123469072222797,3.2225126736366447,0
10.465077854656945,10.472929175651943,0
27.518986375153098,13.50314125442152,0
9.799015111626119,18.527011790100033,0
28.254994970594694,0.13444606345447854,0
9.9620764802692,11.890974442049801,0
30.102037930528294,8.636704606636625,0
11.478604268463865,11.915439359845733,0
30.292012920822895,1.9874935591878689,0
12.296822258549888,4.279906674507365,0
31.67831744586053,35.89059434533306,0
17.642261973235872,38.104300512944654,0
12.84133616074612,63.02129807394787,0
13.178847383374382,38.681829122260545,0
29.1249639420601,209.83688171935958,0
28.481950861824423,30.95971757785115,0
10.422171027547778,179.0413880362754,0
35.8612930303881,30.0630975190916,0
31.41038594722978,300.0,0
46.07069147043613,125.92064953220884,0
40.85524298242121,126.70351767872275,0
50.35444192718424,39.817455340115536,0
32.10771933862394,168.35037033998773,0
26.95213857807582,44.886368888050455,0
11.433785732762047,53.351820817215064,0
4.450647288752718,19.341784610811292,0
-2.6532025401523884,19.254440749137526,0
-5.948353571553266,6.873241712725163,0
-11.036876323737289,23.914986375549027,0
-13.295105975518807,8.657048573584062,0
-15.15139201445076,25.646987599550762,0
-16.244985106463382,9.092769188437542,0
-1.4074802201137215,26.24827205164143,0
8.411438990977793,21.000127542444122,0
12.157224620497342,71.43680529548132,0
19.198040283575246,169.7099298189913,0
2.044959372349664,300.0,1
10.69607517240273,300.0,0
